text_id,a,b,ari
0,max,weighted,1.0
0,max,min,1.0
0,max,mean,1.0
0,max,harmonic,1.0
0,weighted,min,1.0
0,weighted,mean,1.0
0,weighted,harmonic,1.0
0,min,mean,1.0
0,min,harmonic,1.0
0,mean,harmonic,1.0
1,max,weighted,0.32608813682019727
1,max,min,0.7975659567373817
1,max,mean,1.0
1,max,harmonic,0.7975659567373817
1,weighted,min,0.36467524436939613
1,weighted,mean,0.32608813682019727
1,weighted,harmonic,0.36467524436939613
1,min,mean,0.7975659567373817
1,min,harmonic,1.0
1,mean,harmonic,0.7975659567373817
2,max,weighted,0.5046016241026244
2,max,min,0.5046016241026244
2,max,mean,0.9260831849518331
2,max,harmonic,0.5046016241026244
2,weighted,min,1.0
2,weighted,mean,0.5808167588560669
2,weighted,harmonic,1.0
2,min,mean,0.5808167588560669
2,min,harmonic,1.0
2,mean,harmonic,0.5808167588560669
3,max,weighted,1.0
3,max,min,1.0
3,max,mean,1.0
3,max,harmonic,1.0
3,weighted,min,1.0
3,weighted,mean,1.0
3,weighted,harmonic,1.0
3,min,mean,1.0
3,min,harmonic,1.0
3,mean,harmonic,1.0
5,max,weighted,0.5695119624968931
5,max,min,0.6160517667784666
5,max,mean,0.9563335920572749
5,max,harmonic,0.5246355207733396
5,weighted,min,0.5441325051759834
5,weighted,mean,0.5975404682176437
5,weighted,harmonic,0.9195527950310559
5,min,mean,0.6532507474705938
5,min,harmonic,0.4753386480005185
5,mean,harmonic,0.5422909866611838
6,max,weighted,1.0
6,max,min,1.0
6,max,mean,1.0
6,max,harmonic,1.0
6,weighted,min,1.0
6,weighted,mean,1.0
6,weighted,harmonic,1.0
6,min,mean,1.0
6,min,harmonic,1.0
6,mean,harmonic,1.0
8,max,weighted,0.388700099543473
8,max,min,0.8983231803052188
8,max,mean,1.0
8,max,harmonic,0.5564991097109985
8,weighted,min,0.45660200040276566
8,weighted,mean,0.388700099543473
8,weighted,harmonic,0.388700099543473
8,min,mean,0.8983231803052188
8,min,harmonic,0.6949695409156565
8,mean,harmonic,0.5564991097109985
9,max,weighted,1.0
9,max,min,1.0
9,max,mean,1.0
9,max,harmonic,1.0
9,weighted,min,1.0
9,weighted,mean,1.0
9,weighted,harmonic,1.0
9,min,mean,1.0
9,min,harmonic,1.0
9,mean,harmonic,1.0
10,max,weighted,0.20146238047851858
10,max,min,0.20146238047851858
10,max,mean,0.20146238047851858
10,max,harmonic,0.0
10,weighted,min,1.0
10,weighted,mean,1.0
10,weighted,harmonic,0.0
10,min,mean,1.0
10,min,harmonic,0.0
10,mean,harmonic,0.0
11,max,weighted,0.6779676000618825
11,max,min,0.531198174878252
11,max,mean,0.6779676000618825
11,max,harmonic,0.6779676000618825
11,weighted,min,0.4943634741225461
11,weighted,mean,1.0
11,weighted,harmonic,1.0
11,min,mean,0.4943634741225461
11,min,harmonic,0.4943634741225461
11,mean,harmonic,1.0
12,max,weighted,0.9660793228435542
12,max,min,0.9129416102690951
12,max,mean,1.0
12,max,harmonic,0.9660793228435542
12,weighted,min,0.8793771420056623
12,weighted,mean,0.9660793228435542
12,weighted,harmonic,1.0
12,min,mean,0.9129416102690951
12,min,harmonic,0.8793771420056623
12,mean,harmonic,0.9660793228435542
14,max,weighted,0.38840619526769465
14,max,min,0.39843315152916947
14,max,mean,0.41660460758642226
14,max,harmonic,0.40216633159643866
14,weighted,min,0.9617403692613086
14,weighted,mean,0.9561591161417856
14,weighted,harmonic,0.9783089269684749
14,min,mean,0.9832281085436391
14,min,harmonic,0.9834176807513767
14,mean,harmonic,0.9778291056324205
15,max,weighted,0.8979900447356814
15,max,min,0.9545223299698189
15,max,mean,0.9545223299698189
15,max,harmonic,0.9209953109126641
15,weighted,min,0.9399892506996312
15,weighted,mean,0.9399892506996312
15,weighted,harmonic,0.9786504556063983
15,min,mean,1.0
15,min,harmonic,0.9187438119094223
15,mean,harmonic,0.9187438119094223
16,max,weighted,0.634289586627513
16,max,min,0.5464985994397759
16,max,mean,0.9092997198879552
16,max,harmonic,0.6371988795518208
16,weighted,min,0.5530206058780714
16,weighted,mean,0.634289586627513
16,weighted,harmonic,0.8780965288758377
16,min,mean,0.6371988795518208
16,min,harmonic,0.6371988795518208
16,mean,harmonic,0.7278991596638655
17,max,weighted,1.0
17,max,min,1.0
17,max,mean,1.0
17,max,harmonic,1.0
17,weighted,min,1.0
17,weighted,mean,1.0
17,weighted,harmonic,1.0
17,min,mean,1.0
17,min,harmonic,1.0
17,mean,harmonic,1.0
18,max,weighted,1.0
18,max,min,1.0
18,max,mean,1.0
18,max,harmonic,1.0
18,weighted,min,1.0
18,weighted,mean,1.0
18,weighted,harmonic,1.0
18,min,mean,1.0
18,min,harmonic,1.0
18,mean,harmonic,1.0
19,max,weighted,0.470472798633572
19,max,min,0.7907061802198911
19,max,mean,0.7827637102493818
19,max,harmonic,0.4927245610297159
19,weighted,min,0.5755086859226468
19,weighted,mean,0.5627010435850215
19,weighted,harmonic,0.9687059050932637
19,min,mean,0.9108800606156765
19,min,harmonic,0.5742619664206029
19,mean,harmonic,0.5883619228422265
22,max,weighted,0.764638821090002
22,max,min,0.9108800606156765
22,max,mean,0.9108800606156765
22,max,harmonic,0.796940803317846
22,weighted,min,0.7498377576562935
22,weighted,mean,0.7498377576562935
22,weighted,harmonic,0.9104089425045653
22,min,mean,1.0
22,min,harmonic,0.8357475397639527
22,mean,harmonic,0.8357475397639527
23,max,weighted,0.33742223685036776
23,max,min,0.7218312631993413
23,max,mean,0.7773691614982388
23,max,harmonic,0.8261445394995883
23,weighted,min,0.46362752506934535
23,weighted,mean,0.47796871036667943
23,weighted,harmonic,0.37949066625669364
23,min,mean,0.9486236526534397
23,min,harmonic,0.791373447399506
23,mean,harmonic,0.8458709579603192
25,max,weighted,0.7670168369549576
25,max,min,0.4152355934986045
25,max,mean,0.8537092256257341
25,max,harmonic,0.9223389456516525
25,weighted,min,0.47968890602905256
25,weighted,mean,0.8356845630772354
25,weighted,harmonic,0.8527378570129162
25,min,mean,0.45660200040276566
25,min,harmonic,0.47968890602905256
25,mean,harmonic,0.8356845630772354
26,max,weighted,0.0
26,max,min,0.0
26,max,mean,0.0
26,max,harmonic,0.0
26,weighted,min,0.42653356947351473
26,weighted,mean,0.362054245747685
26,weighted,harmonic,0.362054245747685
26,min,mean,0.8983231803052188
26,min,harmonic,0.8983231803052188
26,mean,harmonic,1.0
27,max,weighted,0.12415815346499721
27,max,min,0.18633161688980432
27,max,mean,0.21514350059216622
27,max,harmonic,0.0
27,weighted,min,0.5630413435752746
27,weighted,mean,0.5934250328177615
27,weighted,harmonic,0.0
27,min,mean,0.9194986764942453
27,min,harmonic,0.0
27,mean,harmonic,0.0
29,max,weighted,1.0
29,max,min,1.0
29,max,mean,1.0
29,max,harmonic,1.0
29,weighted,min,1.0
29,weighted,mean,1.0
29,weighted,harmonic,1.0
29,min,mean,1.0
29,min,harmonic,1.0
29,mean,harmonic,1.0
30,max,weighted,0.2956612162176501
30,max,min,0.656868255913602
30,max,mean,1.0
30,max,harmonic,0.6279515119017982
30,weighted,min,0.2599491472159529
30,weighted,mean,0.2956612162176501
30,weighted,harmonic,0.2381887996091968
30,min,mean,0.656868255913602
30,min,harmonic,0.6175577458327485
30,mean,harmonic,0.6279515119017982
32,max,weighted,0.5126429861529199
32,max,min,0.8983231803052188
32,max,mean,0.8983231803052188
32,max,harmonic,0.29347588915557493
32,weighted,min,0.5808167588560669
32,weighted,mean,0.5808167588560669
32,weighted,harmonic,0.621716345672419
32,min,mean,1.0
32,min,harmonic,0.3362469046721002
32,mean,harmonic,0.3362469046721002
33,max,weighted,0.9285518848357003
33,max,min,0.9799865258265293
33,max,mean,0.9778203311347996
33,max,harmonic,0.9285518848357003
33,weighted,min,0.9285518848357003
33,weighted,mean,0.9506533542917605
33,weighted,harmonic,1.0
33,min,mean,0.9581050699212881
33,min,harmonic,0.9285518848357003
33,mean,harmonic,0.9506533542917605
34,max,weighted,0.5276164911154553
34,max,min,0.7858991555362439
34,max,mean,0.6124527900420235
34,max,harmonic,0.6244490837392717
34,weighted,min,0.514358788146698
34,weighted,mean,0.5924503108309255
34,weighted,harmonic,0.6361797752808989
34,min,mean,0.8134463077194897
34,min,harmonic,0.8206173687592794
34,mean,harmonic,0.9486577766502291
35,max,weighted,0.3368388109297263
35,max,min,0.400014056879245
35,max,mean,0.854515500973491
35,max,harmonic,0.8137974659280416
35,weighted,min,0.31235699508131587
35,weighted,mean,0.3716630166606603
35,weighted,harmonic,0.4010851247482428
35,min,mean,0.5125246462115252
35,min,harmonic,0.45579831932773107
35,mean,harmonic,0.858474897287217
37,max,weighted,1.0
37,max,min,1.0
37,max,mean,1.0
37,max,harmonic,0.5583140090028645
37,weighted,min,1.0
37,weighted,mean,1.0
37,weighted,harmonic,0.5583140090028645
37,min,mean,1.0
37,min,harmonic,0.5583140090028645
37,mean,harmonic,0.5583140090028645
38,max,weighted,1.0
38,max,min,1.0
38,max,mean,1.0
38,max,harmonic,1.0
38,weighted,min,1.0
38,weighted,mean,1.0
38,weighted,harmonic,1.0
38,min,mean,1.0
38,min,harmonic,1.0
38,mean,harmonic,1.0
40,max,weighted,1.0
40,max,min,1.0
40,max,mean,1.0
40,max,harmonic,1.0
40,weighted,min,1.0
40,weighted,mean,1.0
40,weighted,harmonic,1.0
40,min,mean,1.0
40,min,harmonic,1.0
40,mean,harmonic,1.0
41,max,weighted,0.823272568496889
41,max,min,0.9678003182179793
41,max,mean,0.9678003182179793
41,max,harmonic,0.9528002099064167
41,weighted,min,0.823272568496889
41,weighted,mean,0.823272568496889
41,weighted,harmonic,0.8693828156514724
41,min,mean,1.0
41,min,harmonic,0.9528002099064167
41,mean,harmonic,0.9528002099064167
42,max,weighted,0.7811274841151818
42,max,min,1.0
42,max,mean,1.0
42,max,harmonic,0.9778291056324205
42,weighted,min,0.7811274841151818
42,weighted,mean,0.7811274841151818
42,weighted,harmonic,0.8023392098451921
42,min,mean,1.0
42,min,harmonic,0.9778291056324205
42,mean,harmonic,0.9778291056324205
43,max,weighted,0.5708018753154881
43,max,min,0.4296956425424978
43,max,mean,0.46676353773127965
43,max,harmonic,0.5237664643911579
43,weighted,min,0.872456080460072
43,weighted,mean,0.7975659567373817
43,weighted,harmonic,0.9574853601533573
43,min,mean,0.9325219855791272
43,min,harmonic,0.8299414406134292
43,mean,harmonic,0.7525806137901332
44,max,weighted,0.9141705985262153
44,max,min,0.9110537303593012
44,max,mean,1.0
44,max,harmonic,0.9563199784162957
44,weighted,min,0.8283411970524307
44,weighted,mean,0.9141705985262153
44,weighted,harmonic,0.9576920061671936
44,min,mean,0.9110537303593012
44,min,harmonic,0.868959935248887
44,mean,harmonic,0.9563199784162957
46,max,weighted,1.0
46,max,min,1.0
46,max,mean,1.0
46,max,harmonic,1.0
46,weighted,min,1.0
46,weighted,mean,1.0
46,weighted,harmonic,1.0
46,min,mean,1.0
46,min,harmonic,1.0
46,mean,harmonic,1.0
47,max,weighted,1.0
47,max,min,1.0
47,max,mean,1.0
47,max,harmonic,1.0
47,weighted,min,1.0
47,weighted,mean,1.0
47,weighted,harmonic,1.0
47,min,mean,1.0
47,min,harmonic,1.0
47,mean,harmonic,1.0
48,max,weighted,0.7301785009429411
48,max,min,0.5252603600109725
48,max,mean,0.8185994397759103
48,max,harmonic,0.49895323223680615
48,weighted,min,0.8275478442001113
48,weighted,mean,0.87218981623613
48,weighted,harmonic,0.7919029080179719
48,min,mean,0.6784021793622717
48,min,harmonic,0.9552326849635772
48,mean,harmonic,0.6463199286377456
49,max,weighted,0.4579845999330432
49,max,min,0.43667362560890743
49,max,mean,0.7366766061263215
49,max,harmonic,0.7366766061263215
49,weighted,min,0.23571990558615263
49,weighted,mean,0.3988117341255106
49,weighted,harmonic,0.3988117341255106
49,min,mean,0.6949695409156565
49,min,harmonic,0.6949695409156565
49,mean,harmonic,1.0
50,max,weighted,1.0
50,max,min,1.0
50,max,mean,1.0
50,max,harmonic,1.0
50,weighted,min,1.0
50,weighted,mean,1.0
50,weighted,harmonic,1.0
50,min,mean,1.0
50,min,harmonic,1.0
50,mean,harmonic,1.0
51,max,weighted,0.29353200816416813
51,max,min,0.7449741075472069
51,max,mean,0.7703654673537894
51,max,harmonic,0.8724252596409942
51,weighted,min,0.32608813682019727
51,weighted,mean,0.2863562341590038
51,weighted,harmonic,0.26653279621897613
51,min,mean,0.9234551557845965
51,min,harmonic,0.8213953634973917
51,mean,harmonic,0.8356623244797835
52,max,weighted,0.3222669457414265
52,max,min,0.5583140090028645
52,max,mean,1.0
52,max,harmonic,1.0
52,weighted,min,0.2949787291059525
52,weighted,mean,0.3222669457414265
52,weighted,harmonic,0.3222669457414265
52,min,mean,0.5583140090028645
52,min,harmonic,0.5583140090028645
52,mean,harmonic,1.0
53,max,weighted,0.9477313991332381
53,max,min,0.9255654605727295
53,max,mean,1.0
53,max,harmonic,0.9702822179732313
53,weighted,min,0.8938854365962441
53,weighted,mean,0.9477313991332381
53,weighted,harmonic,0.9780345182623587
53,min,mean,0.9255654605727295
53,min,harmonic,0.9170569797606425
53,mean,harmonic,0.9702822179732313
54,max,weighted,0.4238313550629069
54,max,min,0.4238313550629069
54,max,mean,0.4618521062778381
54,max,harmonic,0.4238313550629069
54,weighted,min,1.0
54,weighted,mean,0.8679176014684887
54,weighted,harmonic,1.0
54,min,mean,0.8679176014684887
54,min,harmonic,1.0
54,mean,harmonic,0.8679176014684887
55,max,weighted,0.23665740297077145
55,max,min,0.23665740297077145
55,max,mean,0.2201079699728478
55,max,harmonic,0.6502446559154884
55,weighted,min,1.0
55,weighted,mean,0.9703512434531004
55,weighted,harmonic,0.30762117948935286
55,min,mean,0.9703512434531004
55,min,harmonic,0.30762117948935286
55,mean,harmonic,0.29098745407167964
57,max,weighted,0.9528002099064167
57,max,min,0.9678003182179793
57,max,mean,1.0
57,max,harmonic,1.0
57,weighted,min,0.9528002099064167
57,weighted,mean,0.9528002099064167
57,weighted,harmonic,0.9528002099064167
57,min,mean,0.9678003182179793
57,min,harmonic,0.9678003182179793
57,mean,harmonic,1.0
58,max,weighted,1.0
58,max,min,1.0
58,max,mean,1.0
58,max,harmonic,1.0
58,weighted,min,1.0
58,weighted,mean,1.0
58,weighted,harmonic,1.0
58,min,mean,1.0
58,min,harmonic,1.0
58,mean,harmonic,1.0
59,max,weighted,0.5126429861529199
59,max,min,0.6949695409156565
59,max,mean,0.5126429861529199
59,max,harmonic,0.5126429861529199
59,weighted,min,0.8094621631163941
59,weighted,mean,1.0
59,weighted,harmonic,1.0
59,min,mean,0.8094621631163941
59,min,harmonic,0.8094621631163941
59,mean,harmonic,1.0
60,max,weighted,0.6243619489559165
60,max,min,0.7837065141879976
60,max,mean,0.9589794263707307
60,max,harmonic,0.901279283893706
60,weighted,min,0.5523914846557921
60,weighted,mean,0.6243619489559165
60,weighted,harmonic,0.6763941635018988
60,min,mean,0.8269652113503981
60,min,harmonic,0.7721323011963406
60,mean,harmonic,0.9407675703362236
61,max,weighted,1.0
61,max,min,1.0
61,max,mean,1.0
61,max,harmonic,1.0
61,weighted,min,1.0
61,weighted,mean,1.0
61,weighted,harmonic,1.0
61,min,mean,1.0
61,min,harmonic,1.0
61,mean,harmonic,1.0
62,max,weighted,0.8992469973240401
62,max,min,0.9149707203067147
62,max,mean,0.9149707203067147
62,max,harmonic,1.0
62,weighted,min,0.939548198394424
62,weighted,mean,0.939548198394424
62,weighted,harmonic,0.8992469973240401
62,min,mean,1.0
62,min,harmonic,0.9149707203067147
62,mean,harmonic,0.9149707203067147
63,max,weighted,0.6287548727356111
63,max,min,0.7627464463257093
63,max,mean,0.8602111079931789
63,max,harmonic,0.6287548727356111
63,weighted,min,0.4952792375523292
63,weighted,mean,0.5417492216246815
63,weighted,harmonic,1.0
63,min,mean,0.8992469973240401
63,min,harmonic,0.4952792375523292
63,mean,harmonic,0.5417492216246815
65,max,weighted,0.0
65,max,min,0.5398825312618416
65,max,mean,0.8849706328154604
65,max,harmonic,0.0
65,weighted,min,0.0
65,weighted,mean,0.0
65,weighted,harmonic,1.0
65,min,mean,0.5398825312618416
65,min,harmonic,0.0
65,mean,harmonic,0.0
66,max,weighted,1.0
66,max,min,1.0
66,max,mean,1.0
66,max,harmonic,1.0
66,weighted,min,1.0
66,weighted,mean,1.0
66,weighted,harmonic,1.0
66,min,mean,1.0
66,min,harmonic,1.0
66,mean,harmonic,1.0
68,max,weighted,0.0
68,max,min,0.0
68,max,mean,0.0
68,max,harmonic,0.0
68,weighted,min,1.0
68,weighted,mean,0.7495303556036864
68,weighted,harmonic,0.8679176014684887
68,min,mean,0.7495303556036864
68,min,harmonic,0.8679176014684887
68,mean,harmonic,0.8857848324514991
69,max,weighted,1.0
69,max,min,1.0
69,max,mean,1.0
69,max,harmonic,1.0
69,weighted,min,1.0
69,weighted,mean,1.0
69,weighted,harmonic,1.0
69,min,mean,1.0
69,min,harmonic,1.0
69,mean,harmonic,1.0
70,max,weighted,0.7585041019995028
70,max,min,0.5000790787699863
70,max,mean,0.7585041019995028
70,max,harmonic,0.7585041019995028
70,weighted,min,0.6697940036712217
70,weighted,mean,0.937189633767846
70,weighted,harmonic,1.0
70,min,mean,0.7358352029369774
70,min,harmonic,0.6697940036712217
70,mean,harmonic,0.937189633767846
71,max,weighted,0.18427079516306338
71,max,min,0.8305386338420314
71,max,mean,0.9260831849518331
71,max,harmonic,0.5530206058780714
71,weighted,min,0.2213672277567846
71,weighted,mean,0.18427079516306338
71,weighted,harmonic,0.14717266335341136
71,min,mean,0.8983231803052188
71,min,harmonic,0.5583140090028645
71,mean,harmonic,0.634289586627513
72,max,weighted,1.0
72,max,min,1.0
72,max,mean,1.0
72,max,harmonic,1.0
72,weighted,min,1.0
72,weighted,mean,1.0
72,weighted,harmonic,1.0
72,min,mean,1.0
72,min,harmonic,1.0
72,mean,harmonic,1.0
73,max,weighted,0.592238122495707
73,max,min,0.9407024869062007
73,max,mean,1.0
73,max,harmonic,0.592238122495707
73,weighted,min,0.592238122495707
73,weighted,mean,0.592238122495707
73,weighted,harmonic,1.0
73,min,mean,0.9407024869062007
73,min,harmonic,0.592238122495707
73,mean,harmonic,0.592238122495707
74,max,weighted,0.388700099543473
74,max,min,0.8983231803052188
74,max,mean,0.8983231803052188
74,max,harmonic,0.8983231803052188
74,weighted,min,0.45660200040276566
74,weighted,mean,0.45660200040276566
74,weighted,harmonic,0.45660200040276566
74,min,mean,1.0
74,min,harmonic,1.0
74,mean,harmonic,1.0
77,max,weighted,0.4355819054651281
77,max,min,0.8145541754662275
77,max,mean,0.9536385438665569
77,max,harmonic,0.7727517040455462
77,weighted,min,0.5477643838819971
77,weighted,mean,0.46362752506934535
77,weighted,harmonic,0.5883619228422265
77,min,mean,0.8609156315996707
77,min,harmonic,0.950116227717315
77,mean,harmonic,0.8170928349634884
78,max,weighted,1.0
78,max,min,1.0
78,max,mean,1.0
78,max,harmonic,1.0
78,weighted,min,1.0
78,weighted,mean,1.0
78,weighted,harmonic,1.0
78,min,mean,1.0
78,min,harmonic,1.0
78,mean,harmonic,1.0
79,max,weighted,1.0
79,max,min,1.0
79,max,mean,1.0
79,max,harmonic,1.0
79,weighted,min,1.0
79,weighted,mean,1.0
79,weighted,harmonic,1.0
79,min,mean,1.0
79,min,harmonic,1.0
79,mean,harmonic,1.0
81,max,weighted,1.0
81,max,min,1.0
81,max,mean,1.0
81,max,harmonic,1.0
81,weighted,min,1.0
81,weighted,mean,1.0
81,weighted,harmonic,1.0
81,min,mean,1.0
81,min,harmonic,1.0
81,mean,harmonic,1.0
82,max,weighted,0.49161590152609436
82,max,min,0.8094621631163941
82,max,mean,0.6066951705373628
82,max,harmonic,0.634289586627513
82,weighted,min,0.5126429861529199
82,weighted,mean,0.5348420889782748
82,weighted,harmonic,0.7791570045014323
82,min,mean,0.7966233700977313
82,min,harmonic,0.6632520409755083
82,mean,harmonic,0.6943717806963134
83,max,weighted,1.0
83,max,min,1.0
83,max,mean,1.0
83,max,harmonic,1.0
83,weighted,min,1.0
83,weighted,mean,1.0
83,weighted,harmonic,1.0
83,min,mean,1.0
83,min,harmonic,1.0
83,mean,harmonic,1.0
84,max,weighted,0.19306563746038238
84,max,min,0.6748224295652492
84,max,mean,0.8127765503557495
84,max,harmonic,0.4860955850894989
84,weighted,min,0.17522122780646418
84,weighted,mean,0.23631595167265204
84,weighted,harmonic,0.39650673624793653
84,min,mean,0.6165454237861614
84,min,harmonic,0.4919588922883816
84,mean,harmonic,0.6189691692162862
85,max,weighted,0.37053856083109127
85,max,min,0.4548370180232398
85,max,mean,0.37071227285978037
85,max,harmonic,0.3917165778946671
85,weighted,min,0.41598967621312116
85,weighted,mean,0.3891764634864102
85,weighted,harmonic,0.5321214923561541
85,min,mean,0.7737000683357147
85,min,harmonic,0.7585041019995028
85,mean,harmonic,0.8305386338420314
86,max,weighted,0.4473474930760445
86,max,min,0.4438834722552505
86,max,mean,0.49653355772220903
86,max,harmonic,0.4473474930760445
86,weighted,min,0.913482605675199
86,weighted,mean,0.913482605675199
86,weighted,harmonic,1.0
86,min,mean,0.9591440179675473
86,min,harmonic,0.913482605675199
86,mean,harmonic,0.913482605675199
87,max,weighted,0.8303966142177711
87,max,min,0.5118032221935039
87,max,mean,1.0
87,max,harmonic,0.8303966142177711
87,weighted,min,0.6947139055919881
87,weighted,mean,0.8303966142177711
87,weighted,harmonic,1.0
87,min,mean,0.5118032221935039
87,min,harmonic,0.6947139055919881
87,mean,harmonic,0.8303966142177711
89,max,weighted,0.6656734910614196
89,max,min,0.8089562806065255
89,max,mean,0.8724252596409942
89,max,harmonic,0.8089562806065255
89,weighted,min,0.7449121609201439
89,weighted,mean,0.7975659567373817
89,weighted,harmonic,0.7449121609201439
89,min,mean,0.9325219855791272
89,min,harmonic,0.872456080460072
89,mean,harmonic,0.9325219855791272
90,max,weighted,1.0
90,max,min,1.0
90,max,mean,1.0
90,max,harmonic,1.0
90,weighted,min,1.0
90,weighted,mean,1.0
90,weighted,harmonic,1.0
90,min,mean,1.0
90,min,harmonic,1.0
90,mean,harmonic,1.0
91,max,weighted,0.7683502647016741
91,max,min,0.937189633767846
91,max,mean,1.0
91,max,harmonic,0.8356845630772354
91,weighted,min,0.7683502647016741
91,weighted,mean,0.7683502647016741
91,weighted,harmonic,0.9300012970729388
91,min,mean,0.937189633767846
91,min,harmonic,0.8356845630772354
91,mean,harmonic,0.8356845630772354
92,max,weighted,0.49135274228778314
92,max,min,0.8992469973240401
92,max,mean,0.939548198394424
92,max,harmonic,0.5127294896628364
92,weighted,min,0.491508414980734
92,weighted,mean,0.491508414980734
92,weighted,harmonic,0.951889074451583
92,min,mean,0.9574853601533573
92,min,harmonic,0.5387391380047167
92,mean,harmonic,0.5387391380047167
94,max,weighted,1.0
94,max,min,1.0
94,max,mean,1.0
94,max,harmonic,1.0
94,weighted,min,1.0
94,weighted,mean,1.0
94,weighted,harmonic,1.0
94,min,mean,1.0
94,min,harmonic,1.0
94,mean,harmonic,1.0
95,max,weighted,0.9263323056163556
95,max,min,0.9329100164800311
95,max,mean,0.9687059050932637
95,max,harmonic,0.9795720089837737
95,weighted,min,0.9358322935971806
95,weighted,mean,0.9247824826218394
95,weighted,harmonic,0.9466544282049472
95,min,mean,0.9314490256557241
95,min,harmonic,0.912266944627733
95,mean,harmonic,0.9478431751554396
96,max,weighted,0.786456815609385
96,max,min,0.9832281085436391
96,max,mean,1.0
96,max,harmonic,0.786456815609385
96,weighted,min,0.7811274841151818
96,weighted,mean,0.786456815609385
96,weighted,harmonic,1.0
96,min,mean,0.9832281085436391
96,min,harmonic,0.7811274841151818
96,mean,harmonic,0.786456815609385
97,max,weighted,0.14717266335341136
97,max,min,0.7641248288120284
97,max,mean,0.634289586627513
97,max,harmonic,0.634289586627513
97,weighted,min,0.08536659846703515
97,weighted,mean,0.18427079516306338
97,weighted,harmonic,0.18427079516306338
97,min,mean,0.6637765432739733
97,min,harmonic,0.6637765432739733
97,mean,harmonic,1.0
98,max,weighted,1.0
98,max,min,1.0
98,max,mean,1.0
98,max,harmonic,1.0
98,weighted,min,1.0
98,weighted,mean,1.0
98,weighted,harmonic,1.0
98,min,mean,1.0
98,min,harmonic,1.0
98,mean,harmonic,1.0
99,max,weighted,0.2213672277567846
99,max,min,0.6271849944524692
99,max,mean,1.0
99,max,harmonic,1.0
99,weighted,min,0.18427079516306338
99,weighted,mean,0.2213672277567846
99,weighted,harmonic,0.2213672277567846
99,min,mean,0.6271849944524692
99,min,harmonic,0.6271849944524692
99,mean,harmonic,1.0
