setting,pair,k_true,ari
0,max - weighted,1,0.9864487487454883
0,max - weighted,2,0.770203002754371
0,max - weighted,3,0.5431505068490281
0,max - weighted,4,0.5788619701336675
0,max - min,1,0.9987730741201587
0,max - min,2,0.8625021776520387
0,max - min,3,0.6800795696046105
0,max - min,4,0.598089536279662
0,max - mean,1,1.0
0,max - mean,2,0.8907013327524883
0,max - mean,3,0.7883614701471566
0,max - mean,4,0.7661826601220668
0,max - harmonic,1,0.9896213555441534
0,max - harmonic,2,0.8470473934217186
0,max - harmonic,3,0.6591203066260403
0,max - harmonic,4,0.7147277552292968
0,weighted - min,1,0.9863627917859044
0,weighted - min,2,0.815719565321915
0,weighted - min,3,0.63981606388252
0,weighted - min,4,0.5929213518155664
0,weighted - mean,1,0.9864487487454883
0,weighted - mean,2,0.8489366720939897
0,weighted - mean,3,0.6695161423305208
0,weighted - mean,4,0.6721817271636487
0,weighted - harmonic,1,0.9968119227394386
0,weighted - harmonic,2,0.8927454308146782
0,weighted - harmonic,3,0.727883790653584
0,weighted - harmonic,4,0.6995378086334374
0,min - mean,1,0.9987730741201587
0,min - mean,2,0.949564725662302
0,min - mean,3,0.7917191849458826
0,min - mean,4,0.7445673263606983
0,min - harmonic,1,0.9895353985845695
0,min - harmonic,2,0.8606680586639581
0,min - harmonic,3,0.7514660079924955
0,min - harmonic,4,0.6868192023901226
0,mean - harmonic,1,0.9896213555441534
0,mean - harmonic,2,0.8963082616476209
0,mean - harmonic,3,0.8164470465132238
0,mean - harmonic,4,0.8405985232145117
0,all pairs,1,0.9922396469929514
0,all pairs,2,0.8634396620785081
0,all pairs,3,0.7067560089545062
0,all pairs,4,0.6894487861342679
