top_row,variant,corpus,retention_rate,mean_leaves,mean_depth,mean_residual_ndfu,mean_top_split_peg,indeterminate_rate,dims_never_used
0,max,A_default,0.84,9.880952380952381,2.549397590361446,0.23576112010666553,0.45620529712508123,0.020481927710843374,
0,max,B_weak_signal,0.81,10.580246913580247,2.6266044340723456,0.24697041177944018,0.3642058367253871,0.009334889148191364,
0,max,C_deep,0.92,11.293478260869565,2.638113570741097,0.22330448528714195,0.4414494505605882,0.011549566891241578,
0,avg,A_default,0.84,7.142857142857143,2.2266666666666666,0.1905237320520299,0.4676695069878224,0.0016666666666666668,
0,avg,B_weak_signal,0.81,7.037037037037037,2.2859649122807015,0.21327520936513367,0.36908796480157857,0.0035087719298245615,
0,avg,C_deep,0.92,7.467391304347826,2.2823871906841338,0.17499889501589388,0.426715578839074,0.002911208151382824,
0,min,A_default,0.84,9.726190476190476,2.5348837209302326,0.24138813804210743,0.5363468047211576,0.011015911872705019,
0,min,B_weak_signal,0.81,10.691358024691358,2.6247113163972284,0.23659823741596542,0.4398763960379765,0.005773672055427252,
0,min,C_deep,0.92,11.054347826086957,2.607669616519174,0.2064300402768481,0.5042957576266394,0.007866273352999017,
0,mean,A_default,0.84,9.357142857142858,2.4885496183206106,0.22534231535001414,0.4752382176538343,0.011450381679389313,
0,mean,B_weak_signal,0.81,10.691358024691358,2.6247113163972284,0.23567524980227678,0.372197120133605,0.011547344110854504,
0,mean,C_deep,0.92,10.41304347826087,2.5605427974947808,0.19748844785641942,0.43996283194498753,0.006263048016701462,
0,harmonic,A_default,0.84,7.9523809523809526,2.317365269461078,0.1923173654098737,0.4638993400132744,0.004491017964071856,
0,harmonic,B_weak_signal,0.81,9.061728395061728,2.5068119891008176,0.21915087346917053,0.36368548597135303,0.0027247956403269754,
0,harmonic,C_deep,0.92,9.771739130434783,2.5094549499443826,0.1797746172596016,0.422091341465306,0.006674082313681869,
