top_row,variant,corpus,retention_rate,mean_leaves,mean_depth,mean_residual_ndfu,mean_top_split_peg,indeterminate_rate,mean_leaf_size,jaccard,jaccard_median,jaccard_std,jaccard_q1,jaccard_q3,jaccard_min,jaccard_max,precision,precision_median,precision_std,precision_q1,precision_q3,precision_min,precision_max,recall,recall_median,recall_std,recall_q1,recall_q3,recall_min,recall_max,exact_match
0,max,A_default,0.84,9.880952380952381,2.549397590361446,0.23576112010666553,0.45620529712508123,0.020481927710843374,296.8757760901483,0.7938492063492064,1.0,0.2525476582577321,0.5,1.0,0.0,1.0,0.8523809523809524,1.0,0.23672439559997702,0.6666666666666666,1.0,0.0,1.0,0.929563492063492,1.0,0.18901122252077102,1.0,1.0,0.0,1.0,0.5595238095238095
0,max,B_weak_signal,0.81,10.580246913580247,2.6266044340723456,0.24697041177944018,0.3642058367253871,0.009334889148191364,311.23804695924764,0.8037037037037036,1.0,0.26149941576310354,0.6666666666666666,1.0,0.0,1.0,0.80679012345679,1.0,0.2623316626611585,0.6666666666666666,1.0,0.0,1.0,0.9722222222222222,1.0,0.15811388300841883,1.0,1.0,0.0,1.0,0.5555555555555556
0,max,C_deep,0.92,11.293478260869565,2.638113570741097,0.22330448528714195,0.4414494505605882,0.011549566891241578,251.60953284616792,0.8253623188405798,1.0,0.2319224516312129,0.75,1.0,0.25,1.0,0.9177536231884057,1.0,0.16557894781603802,1.0,1.0,0.4,1.0,0.907608695652174,1.0,0.20429474630243974,1.0,1.0,0.25,1.0,0.5652173913043478
0,max,inference_unseen,0.86,8.69767441860465,2.483957219251337,0.22107206739481478,0.46333671517766073,0.0053475935828877,365.5856004910203,,,,,,,,,,,,,,,,,,,,,,
0,avg,A_default,0.84,7.142857142857143,2.2266666666666666,0.1905237320520299,0.4676695069878224,0.0016666666666666668,350.61675625347675,0.8670634920634922,1.0,0.2118158913391606,0.75,1.0,0.3333333333333333,1.0,0.9761904761904762,1.0,0.09729561746183917,1.0,1.0,0.5,1.0,0.890873015873016,1.0,0.20163994250068226,0.9375,1.0,0.3333333333333333,1.0,0.6904761904761905
0,avg,B_weak_signal,0.81,7.037037037037037,2.2859649122807015,0.21327520936513367,0.36908796480157857,0.0035087719298245615,386.76963473403106,0.8742798353909464,1.0,0.22792922547233177,0.75,1.0,0.0,1.0,0.9442386831275719,1.0,0.16681577691979646,1.0,1.0,0.0,1.0,0.9176954732510287,1.0,0.20644722353243805,1.0,1.0,0.0,1.0,0.7160493827160493
0,avg,C_deep,0.92,7.467391304347826,2.2823871906841338,0.17499889501589388,0.426715578839074,0.002911208151382824,339.1321983054636,0.8034420289855071,1.0,0.25032991715035213,0.75,1.0,0.25,1.0,0.9945652173913043,1.0,0.052128603514268596,1.0,1.0,0.5,1.0,0.8088768115942028,1.0,0.24909422099639444,0.75,1.0,0.25,1.0,0.532608695652174
0,avg,inference_unseen,0.86,6.267441860465116,2.1261595547309833,0.18382709636927416,0.46465867212259176,0.0055658627087198514,398.03439874079413,,,,,,,,,,,,,,,,,,,,,,
0,min,A_default,0.84,9.726190476190476,2.5348837209302326,0.24138813804210743,0.5363468047211576,0.011015911872705019,278.79969256749445,0.7817460317460316,0.75,0.2330264626890699,0.5,1.0,0.3333333333333333,1.0,0.8551587301587301,1.0,0.22432370755881564,0.6666666666666666,1.0,0.4,1.0,0.9265873015873015,1.0,0.1596959763747188,1.0,1.0,0.3333333333333333,1.0,0.4880952380952381
0,min,B_weak_signal,0.81,10.691358024691358,2.6247113163972284,0.23659823741596542,0.4398763960379765,0.005773672055427252,275.6935368254187,0.8450617283950618,1.0,0.22849818325992546,0.6666666666666666,1.0,0.25,1.0,0.8604938271604938,1.0,0.23001274790222145,0.6666666666666666,1.0,0.25,1.0,0.9845679012345679,1.0,0.06054026310473163,1.0,1.0,0.75,1.0,0.6419753086419753
0,min,C_deep,0.92,11.054347826086957,2.607669616519174,0.2064300402768481,0.5042957576266394,0.007866273352999017,252.16631889000058,0.8099637681159421,1.0,0.23730347929553713,0.75,1.0,0.25,1.0,0.9376811594202898,1.0,0.172053416990278,1.0,1.0,0.4,1.0,0.8722826086956522,1.0,0.20689100983520053,0.75,1.0,0.25,1.0,0.532608695652174
0,min,inference_unseen,0.86,9.13953488372093,2.515267175572519,0.21260762206598505,0.5220084072815631,0.007633587786259542,329.126040431237,,,,,,,,,,,,,,,,,,,,,,
0,mean,A_default,0.84,9.357142857142858,2.4885496183206106,0.22534231535001414,0.4752382176538343,0.011450381679389313,283.81049509424673,0.8049603174603176,1.0,0.22149818100710505,0.6666666666666666,1.0,0.3333333333333333,1.0,0.8694444444444445,1.0,0.2039902045928551,0.6666666666666666,1.0,0.4,1.0,0.9355158730158729,1.0,0.15649225021346128,1.0,1.0,0.3333333333333333,1.0,0.5238095238095238
0,mean,B_weak_signal,0.81,10.691358024691358,2.6247113163972284,0.23567524980227678,0.372197120133605,0.011547344110854504,275.9156033426797,0.8473251028806583,1.0,0.22741690775184867,0.75,1.0,0.25,1.0,0.859670781893004,1.0,0.22859571599603987,0.75,1.0,0.25,1.0,0.9876543209876543,1.0,0.054503935750968235,1.0,1.0,0.75,1.0,0.6419753086419753
0,mean,C_deep,0.92,10.41304347826087,2.5605427974947808,0.19748844785641942,0.43996283194498753,0.006263048016701462,257.59223361777543,0.8326086956521739,1.0,0.2337896250649792,0.75,1.0,0.25,1.0,0.9413043478260869,1.0,0.1581617203932055,1.0,1.0,0.4,1.0,0.8913043478260869,1.0,0.20625858121593627,0.75,1.0,0.25,1.0,0.5978260869565217
0,mean,inference_unseen,0.86,8.616279069767442,2.4507422402159245,0.2075697454941568,0.4712162416322842,0.008097165991902834,335.8111470033314,,,,,,,,,,,,,,,,,,,,,,
0,harmonic,A_default,0.84,7.9523809523809526,2.317365269461078,0.1923173654098737,0.4638993400132744,0.004491017964071856,314.2172788511797,0.9166666666666666,1.0,0.17112510591425015,1.0,1.0,0.3333333333333333,1.0,0.978174603174603,1.0,0.08879590901050906,1.0,1.0,0.5,1.0,0.9384920634920635,1.0,0.1552942577683559,1.0,1.0,0.3333333333333333,1.0,0.7857142857142857
0,harmonic,B_weak_signal,0.81,9.061728395061728,2.5068119891008176,0.21915087346917053,0.36368548597135303,0.0027247956403269754,357.3431515725566,0.8773662551440329,1.0,0.23979604531153315,0.75,1.0,0.0,1.0,0.8835390946502057,1.0,0.2396538856577058,1.0,1.0,0.0,1.0,0.9567901234567902,1.0,0.1928005910292667,1.0,1.0,0.0,1.0,0.7283950617283951
0,harmonic,C_deep,0.92,9.771739130434783,2.5094549499443826,0.1797746172596016,0.422091341465306,0.006674082313681869,272.1196246511599,0.8831521739130435,1.0,0.21004236105711063,0.75,1.0,0.25,1.0,0.9945652173913043,1.0,0.052128603514268596,1.0,1.0,0.5,1.0,0.8885869565217391,1.0,0.20645755324811826,0.75,1.0,0.25,1.0,0.7065217391304348
0,harmonic,inference_unseen,0.86,7.593023255813954,2.315467075038285,0.17930051525798843,0.45814189923492604,0.006125574272588055,357.6669968648243,,,,,,,,,,,,,,,,,,,,,,
