setting,variant,k_true,texts,jaccard,precision,recall,exact_match
0,max,1,62,0.9637096774193549,0.9637096774193549,1.0,0.9516129032258065
0,max,2,65,0.5528205128205128,0.6297435897435897,0.9230769230769231,0.06153846153846154
0,max,3,64,0.8286458333333333,0.8703125,0.9114583333333334,0.578125
0,max,4,66,0.8939393939393939,0.9848484848484849,0.9090909090909091,0.6666666666666666
0,weighted,1,62,1.0,1.0,1.0,1.0
0,weighted,2,65,0.742051282051282,0.9112820512820513,0.8307692307692308,0.4461538461538462
0,weighted,3,64,0.8606770833333334,0.98046875,0.8645833333333334,0.765625
0,weighted,4,66,0.7916666666666666,1.0,0.7916666666666666,0.3787878787878788
0,min,1,62,0.9650537634408602,0.9650537634408602,1.0,0.9516129032258065
0,min,2,65,0.5241025641025641,0.6010256410256409,0.9230769230769231,0.015384615384615385
0,min,3,64,0.9442708333333333,0.9859375,0.9583333333333334,0.890625
0,min,4,66,0.8227272727272726,0.996969696969697,0.8257575757575758,0.3787878787878788
0,mean,1,62,0.9637096774193549,0.9637096774193549,1.0,0.9516129032258065
0,mean,2,65,0.5533333333333333,0.6302564102564103,0.9230769230769231,0.015384615384615385
0,mean,3,64,0.9388020833333334,0.98046875,0.9583333333333334,0.859375
0,mean,4,66,0.8643939393939394,0.996969696969697,0.8674242424242424,0.5454545454545454
0,harmonic,1,62,0.989247311827957,0.989247311827957,1.0,0.9838709677419355
0,harmonic,2,65,0.7984615384615384,0.8753846153846153,0.9076923076923077,0.5538461538461539
0,harmonic,3,64,0.9270833333333334,0.96875,0.9427083333333334,0.859375
0,harmonic,4,66,0.8598484848484849,0.9848484848484849,0.8598484848484849,0.5757575757575758
