top_row,variant,corpus,n_texts,jaccard,jaccard_median,jaccard_std,jaccard_q1,jaccard_q3,jaccard_min,jaccard_max,precision,precision_median,precision_std,precision_q1,precision_q3,precision_min,precision_max,recall,recall_median,recall_std,recall_q1,recall_q3,recall_min,recall_max,exact_match
0,max,A_default,84,0.7938492063492064,1.0,0.2525476582577321,0.5,1.0,0.0,1.0,0.8523809523809524,1.0,0.23672439559997702,0.6666666666666666,1.0,0.0,1.0,0.929563492063492,1.0,0.18901122252077102,1.0,1.0,0.0,1.0,0.5595238095238095
0,max,B_weak_signal,81,0.8037037037037036,1.0,0.26149941576310354,0.6666666666666666,1.0,0.0,1.0,0.80679012345679,1.0,0.2623316626611585,0.6666666666666666,1.0,0.0,1.0,0.9722222222222222,1.0,0.15811388300841883,1.0,1.0,0.0,1.0,0.5555555555555556
0,max,C_deep,92,0.8253623188405798,1.0,0.2319224516312129,0.75,1.0,0.25,1.0,0.9177536231884057,1.0,0.16557894781603802,1.0,1.0,0.4,1.0,0.907608695652174,1.0,0.20429474630243974,1.0,1.0,0.25,1.0,0.5652173913043478
0,avg,A_default,84,0.8670634920634922,1.0,0.2118158913391606,0.75,1.0,0.3333333333333333,1.0,0.9761904761904762,1.0,0.09729561746183917,1.0,1.0,0.5,1.0,0.890873015873016,1.0,0.20163994250068226,0.9375,1.0,0.3333333333333333,1.0,0.6904761904761905
0,avg,B_weak_signal,81,0.8742798353909464,1.0,0.22792922547233177,0.75,1.0,0.0,1.0,0.9442386831275719,1.0,0.16681577691979646,1.0,1.0,0.0,1.0,0.9176954732510287,1.0,0.20644722353243805,1.0,1.0,0.0,1.0,0.7160493827160493
0,avg,C_deep,92,0.8034420289855071,1.0,0.25032991715035213,0.75,1.0,0.25,1.0,0.9945652173913043,1.0,0.052128603514268596,1.0,1.0,0.5,1.0,0.8088768115942028,1.0,0.24909422099639444,0.75,1.0,0.25,1.0,0.532608695652174
0,min,A_default,84,0.7817460317460316,0.75,0.2330264626890699,0.5,1.0,0.3333333333333333,1.0,0.8551587301587301,1.0,0.22432370755881564,0.6666666666666666,1.0,0.4,1.0,0.9265873015873015,1.0,0.1596959763747188,1.0,1.0,0.3333333333333333,1.0,0.4880952380952381
0,min,B_weak_signal,81,0.8450617283950618,1.0,0.22849818325992546,0.6666666666666666,1.0,0.25,1.0,0.8604938271604938,1.0,0.23001274790222145,0.6666666666666666,1.0,0.25,1.0,0.9845679012345679,1.0,0.06054026310473163,1.0,1.0,0.75,1.0,0.6419753086419753
0,min,C_deep,92,0.8099637681159421,1.0,0.23730347929553713,0.75,1.0,0.25,1.0,0.9376811594202898,1.0,0.172053416990278,1.0,1.0,0.4,1.0,0.8722826086956522,1.0,0.20689100983520053,0.75,1.0,0.25,1.0,0.532608695652174
0,mean,A_default,84,0.8049603174603176,1.0,0.22149818100710505,0.6666666666666666,1.0,0.3333333333333333,1.0,0.8694444444444445,1.0,0.2039902045928551,0.6666666666666666,1.0,0.4,1.0,0.9355158730158729,1.0,0.15649225021346128,1.0,1.0,0.3333333333333333,1.0,0.5238095238095238
0,mean,B_weak_signal,81,0.8473251028806583,1.0,0.22741690775184867,0.75,1.0,0.25,1.0,0.859670781893004,1.0,0.22859571599603987,0.75,1.0,0.25,1.0,0.9876543209876543,1.0,0.054503935750968235,1.0,1.0,0.75,1.0,0.6419753086419753
0,mean,C_deep,92,0.8326086956521739,1.0,0.2337896250649792,0.75,1.0,0.25,1.0,0.9413043478260869,1.0,0.1581617203932055,1.0,1.0,0.4,1.0,0.8913043478260869,1.0,0.20625858121593627,0.75,1.0,0.25,1.0,0.5978260869565217
0,harmonic,A_default,84,0.9166666666666666,1.0,0.17112510591425015,1.0,1.0,0.3333333333333333,1.0,0.978174603174603,1.0,0.08879590901050906,1.0,1.0,0.5,1.0,0.9384920634920635,1.0,0.1552942577683559,1.0,1.0,0.3333333333333333,1.0,0.7857142857142857
0,harmonic,B_weak_signal,81,0.8773662551440329,1.0,0.23979604531153315,0.75,1.0,0.0,1.0,0.8835390946502057,1.0,0.2396538856577058,1.0,1.0,0.0,1.0,0.9567901234567902,1.0,0.1928005910292667,1.0,1.0,0.0,1.0,0.7283950617283951
0,harmonic,C_deep,92,0.8831521739130435,1.0,0.21004236105711063,0.75,1.0,0.25,1.0,0.9945652173913043,1.0,0.052128603514268596,1.0,1.0,0.5,1.0,0.8885869565217391,1.0,0.20645755324811826,0.75,1.0,0.25,1.0,0.7065217391304348
