top_row,variant,text_id,depth,n_leaves,mean_leaf_size
0,max,0,3,12,135.0
0,max,1,3,12,135.0
0,max,2,1,3,540.0
0,max,3,1,3,540.0
0,max,5,3,15,108.0
0,max,6,1,3,540.0
0,max,10,1,3,540.0
0,max,12,3,12,135.0
0,max,13,3,13,124.61538461538461
0,max,14,3,10,162.0
0,max,15,3,12,135.0
0,max,16,1,3,540.0
0,max,17,3,12,135.0
0,max,19,3,12,135.0
0,max,20,3,13,124.61538461538461
0,max,21,1,2,810.0
0,max,22,1,2,810.0
0,max,23,1,3,540.0
0,max,25,3,13,124.61538461538461
0,max,26,3,13,124.61538461538461
0,max,27,1,3,540.0
0,max,28,3,12,135.0
0,max,29,1,3,540.0
0,max,30,3,12,135.0
0,max,31,3,19,85.26315789473684
0,max,32,3,12,135.0
0,max,33,3,21,77.14285714285714
0,max,34,1,3,540.0
0,max,35,1,2,810.0
0,max,36,3,21,77.14285714285714
0,max,37,0,1,1620.0
0,max,38,1,3,540.0
0,max,40,1,3,540.0
0,max,41,1,3,540.0
0,max,42,3,12,135.0
0,max,43,3,12,135.0
0,max,44,3,10,162.0
0,max,45,1,3,540.0
0,max,46,1,3,540.0
0,max,47,3,15,108.0
0,max,48,1,3,540.0
0,max,49,1,3,540.0
0,max,51,1,2,810.0
0,max,52,1,2,810.0
0,max,53,3,17,95.29411764705883
0,max,54,1,3,540.0
0,max,55,3,16,101.25
0,max,56,1,3,540.0
0,max,57,1,3,540.0
0,max,59,1,2,810.0
0,max,61,1,3,540.0
0,max,62,3,14,115.71428571428571
0,max,63,3,16,101.25
0,max,64,1,3,540.0
0,max,65,3,14,115.71428571428571
0,max,66,1,3,540.0
0,max,67,1,2,810.0
0,max,68,3,14,115.71428571428571
0,max,70,3,10,162.0
0,max,71,3,14,115.71428571428571
0,max,72,1,3,540.0
0,max,73,1,3,540.0
0,max,74,3,12,135.0
0,max,75,3,10,162.0
0,max,76,3,18,90.0
0,max,77,3,10,162.0
0,max,78,1,2,810.0
0,max,79,3,12,135.0
0,max,80,1,2,810.0
0,max,81,3,15,108.0
0,max,83,3,8,202.5
0,max,84,3,15,108.0
0,max,85,3,12,135.0
0,max,86,1,3,540.0
0,max,87,3,21,77.14285714285714
0,max,88,1,3,540.0
0,max,89,3,19,85.26315789473684
0,max,90,3,16,101.25
0,max,91,3,8,202.5
0,max,93,3,14,115.71428571428571
0,max,94,3,14,115.71428571428571
0,max,95,3,13,124.61538461538461
0,max,96,0,1,1620.0
0,max,97,3,12,135.0
0,max,98,1,2,810.0
0,max,99,3,9,180.0
0,avg,0,3,6,270.0
0,avg,1,3,13,124.61538461538461
0,avg,2,1,3,540.0
0,avg,3,1,3,540.0
0,avg,5,1,3,540.0
0,avg,6,1,3,540.0
0,avg,10,1,3,540.0
0,avg,12,3,12,135.0
0,avg,13,2,7,231.42857142857142
0,avg,14,3,6,270.0
0,avg,15,3,12,135.0
0,avg,16,1,3,540.0
0,avg,17,3,9,180.0
0,avg,19,2,6,270.0
0,avg,20,3,13,124.61538461538461
0,avg,21,1,2,810.0
0,avg,22,1,2,810.0
0,avg,23,1,3,540.0
0,avg,25,2,5,324.0
0,avg,26,3,11,147.27272727272728
0,avg,27,1,3,540.0
0,avg,28,3,14,115.71428571428571
0,avg,29,1,3,540.0
0,avg,30,3,12,135.0
0,avg,31,2,9,180.0
0,avg,32,2,6,270.0
0,avg,33,3,7,231.42857142857142
0,avg,34,1,3,540.0
0,avg,35,1,2,810.0
0,avg,36,3,12,135.0
0,avg,37,3,12,135.0
0,avg,38,1,3,540.0
0,avg,40,1,3,540.0
0,avg,41,1,3,540.0
0,avg,42,2,5,324.0
0,avg,43,3,13,124.61538461538461
0,avg,44,3,6,270.0
0,avg,45,1,3,540.0
0,avg,46,1,3,540.0
0,avg,47,3,11,147.27272727272728
0,avg,48,1,3,540.0
0,avg,49,1,3,540.0
0,avg,51,1,2,810.0
0,avg,52,1,2,810.0
0,avg,53,3,7,231.42857142857142
0,avg,54,1,3,540.0
0,avg,55,3,15,108.0
0,avg,56,1,3,540.0
0,avg,57,1,3,540.0
0,avg,59,1,2,810.0
0,avg,61,1,3,540.0
0,avg,62,3,12,135.0
0,avg,63,3,16,101.25
0,avg,64,1,3,540.0
0,avg,65,3,9,180.0
0,avg,66,1,3,540.0
0,avg,67,1,2,810.0
0,avg,68,2,9,180.0
0,avg,70,1,2,810.0
0,avg,71,1,2,810.0
0,avg,72,1,3,540.0
0,avg,73,1,3,540.0
0,avg,74,3,12,135.0
0,avg,75,2,6,270.0
0,avg,76,3,10,162.0
0,avg,77,3,8,202.5
0,avg,78,1,2,810.0
0,avg,79,3,11,147.27272727272728
0,avg,80,1,2,810.0
0,avg,81,2,7,231.42857142857142
0,avg,83,1,2,810.0
0,avg,84,3,9,180.0
0,avg,85,3,12,135.0
0,avg,86,1,3,540.0
0,avg,87,1,3,540.0
0,avg,88,1,3,540.0
0,avg,89,2,9,180.0
0,avg,90,3,12,135.0
0,avg,91,2,4,405.0
0,avg,93,3,8,202.5
0,avg,94,3,12,135.0
0,avg,95,3,9,180.0
0,avg,96,3,13,124.61538461538461
0,avg,97,2,6,270.0
0,avg,98,1,2,810.0
0,avg,99,3,6,270.0
0,min,0,3,12,135.0
0,min,1,3,17,95.29411764705883
0,min,2,1,3,540.0
0,min,3,1,3,540.0
0,min,5,3,15,108.0
0,min,6,1,3,540.0
0,min,10,1,3,540.0
0,min,12,3,14,115.71428571428571
0,min,13,3,13,124.61538461538461
0,min,14,3,14,115.71428571428571
0,min,15,3,12,135.0
0,min,16,1,3,540.0
0,min,17,3,13,124.61538461538461
0,min,19,3,10,162.0
0,min,20,3,13,124.61538461538461
0,min,21,1,2,810.0
0,min,22,1,2,810.0
0,min,23,1,3,540.0
0,min,25,3,14,115.71428571428571
0,min,26,3,17,95.29411764705883
0,min,27,1,3,540.0
0,min,28,3,17,95.29411764705883
0,min,29,1,3,540.0
0,min,30,3,12,135.0
0,min,31,3,17,95.29411764705883
0,min,32,3,12,135.0
0,min,33,3,19,85.26315789473684
0,min,34,1,3,540.0
0,min,35,1,2,810.0
0,min,36,3,12,135.0
0,min,37,3,12,135.0
0,min,38,1,3,540.0
0,min,40,1,3,540.0
0,min,41,1,3,540.0
0,min,42,3,14,115.71428571428571
0,min,43,3,13,124.61538461538461
0,min,44,3,12,135.0
0,min,45,1,3,540.0
0,min,46,1,3,540.0
0,min,47,3,17,95.29411764705883
0,min,48,1,3,540.0
0,min,49,1,3,540.0
0,min,51,1,2,810.0
0,min,52,1,2,810.0
0,min,53,3,13,124.61538461538461
0,min,54,1,3,540.0
0,min,55,3,19,85.26315789473684
0,min,56,1,3,540.0
0,min,57,1,3,540.0
0,min,59,1,2,810.0
0,min,61,1,3,540.0
0,min,62,3,8,202.5
0,min,63,3,17,95.29411764705883
0,min,64,1,3,540.0
0,min,65,3,12,135.0
0,min,66,1,3,540.0
0,min,67,1,2,810.0
0,min,68,3,14,115.71428571428571
0,min,70,3,12,135.0
0,min,71,3,14,115.71428571428571
0,min,72,1,3,540.0
0,min,73,1,3,540.0
0,min,74,3,13,124.61538461538461
0,min,75,3,10,162.0
0,min,76,3,18,90.0
0,min,77,3,12,135.0
0,min,78,1,2,810.0
0,min,79,3,12,135.0
0,min,80,1,2,810.0
0,min,81,3,15,108.0
0,min,83,3,8,202.5
0,min,84,3,15,108.0
0,min,85,3,12,135.0
0,min,86,1,3,540.0
0,min,87,3,19,85.26315789473684
0,min,88,1,3,540.0
0,min,89,3,19,85.26315789473684
0,min,90,3,16,101.25
0,min,91,3,8,202.5
0,min,93,3,15,108.0
0,min,94,3,17,95.29411764705883
0,min,95,3,12,135.0
0,min,96,3,15,108.0
0,min,97,3,12,135.0
0,min,98,1,2,810.0
0,min,99,3,10,162.0
0,mean,0,3,12,135.0
0,mean,1,3,15,108.0
0,mean,2,1,3,540.0
0,mean,3,1,3,540.0
0,mean,5,3,15,108.0
0,mean,6,1,3,540.0
0,mean,10,1,3,540.0
0,mean,12,3,12,135.0
0,mean,13,3,11,147.27272727272728
0,mean,14,3,10,162.0
0,mean,15,3,12,135.0
0,mean,16,1,3,540.0
0,mean,17,3,12,135.0
0,mean,19,3,10,162.0
0,mean,20,3,17,95.29411764705883
0,mean,21,1,2,810.0
0,mean,22,1,2,810.0
0,mean,23,1,3,540.0
0,mean,25,3,12,135.0
0,mean,26,3,15,108.0
0,mean,27,1,3,540.0
0,mean,28,3,14,115.71428571428571
0,mean,29,1,3,540.0
0,mean,30,3,12,135.0
0,mean,31,3,17,95.29411764705883
0,mean,32,3,10,162.0
0,mean,33,3,19,85.26315789473684
0,mean,34,1,3,540.0
0,mean,35,1,2,810.0
0,mean,36,3,13,124.61538461538461
0,mean,37,3,12,135.0
0,mean,38,1,3,540.0
0,mean,40,1,3,540.0
0,mean,41,1,3,540.0
0,mean,42,3,10,162.0
0,mean,43,3,12,135.0
0,mean,44,3,10,162.0
0,mean,45,1,3,540.0
0,mean,46,1,3,540.0
0,mean,47,3,15,108.0
0,mean,48,1,3,540.0
0,mean,49,1,3,540.0
0,mean,51,1,2,810.0
0,mean,52,1,2,810.0
0,mean,53,3,17,95.29411764705883
0,mean,54,1,3,540.0
0,mean,55,3,17,95.29411764705883
0,mean,56,1,3,540.0
0,mean,57,1,3,540.0
0,mean,59,1,2,810.0
0,mean,61,1,3,540.0
0,mean,62,3,8,202.5
0,mean,63,3,16,101.25
0,mean,64,1,3,540.0
0,mean,65,3,12,135.0
0,mean,66,1,3,540.0
0,mean,67,1,2,810.0
0,mean,68,3,12,135.0
0,mean,70,3,10,162.0
0,mean,71,3,14,115.71428571428571
0,mean,72,1,3,540.0
0,mean,73,1,3,540.0
0,mean,74,3,12,135.0
0,mean,75,2,6,270.0
0,mean,76,3,18,90.0
0,mean,77,3,10,162.0
0,mean,78,1,2,810.0
0,mean,79,3,12,135.0
0,mean,80,1,2,810.0
0,mean,81,3,15,108.0
0,mean,83,3,6,270.0
0,mean,84,3,15,108.0
0,mean,85,3,12,135.0
0,mean,86,1,3,540.0
0,mean,87,3,15,108.0
0,mean,88,1,3,540.0
0,mean,89,3,19,85.26315789473684
0,mean,90,3,16,101.25
0,mean,91,3,8,202.5
0,mean,93,3,14,115.71428571428571
0,mean,94,3,17,95.29411764705883
0,mean,95,3,13,124.61538461538461
0,mean,96,3,13,124.61538461538461
0,mean,97,3,10,162.0
0,mean,98,1,2,810.0
0,mean,99,3,9,180.0
0,harmonic,0,3,12,135.0
0,harmonic,1,3,11,147.27272727272728
0,harmonic,2,1,3,540.0
0,harmonic,3,1,3,540.0
0,harmonic,5,3,9,180.0
0,harmonic,6,1,3,540.0
0,harmonic,10,1,3,540.0
0,harmonic,12,3,12,135.0
0,harmonic,13,2,7,231.42857142857142
0,harmonic,14,3,10,162.0
0,harmonic,15,3,10,162.0
0,harmonic,16,1,3,540.0
0,harmonic,17,3,13,124.61538461538461
0,harmonic,19,2,6,270.0
0,harmonic,20,3,15,108.0
0,harmonic,21,1,2,810.0
0,harmonic,22,1,2,810.0
0,harmonic,23,1,3,540.0
0,harmonic,25,3,14,115.71428571428571
0,harmonic,26,3,15,108.0
0,harmonic,27,1,3,540.0
0,harmonic,28,3,10,162.0
0,harmonic,29,1,3,540.0
0,harmonic,30,3,11,147.27272727272728
0,harmonic,31,2,9,180.0
0,harmonic,32,3,8,202.5
0,harmonic,33,3,19,85.26315789473684
0,harmonic,34,1,3,540.0
0,harmonic,35,1,2,810.0
0,harmonic,36,3,13,124.61538461538461
0,harmonic,37,3,12,135.0
0,harmonic,38,1,3,540.0
0,harmonic,40,1,3,540.0
0,harmonic,41,1,3,540.0
0,harmonic,42,2,7,231.42857142857142
0,harmonic,43,3,13,124.61538461538461
0,harmonic,44,3,12,135.0
0,harmonic,45,1,3,540.0
0,harmonic,46,1,3,540.0
0,harmonic,47,3,15,108.0
0,harmonic,48,1,3,540.0
0,harmonic,49,1,3,540.0
0,harmonic,51,1,2,810.0
0,harmonic,52,1,2,810.0
0,harmonic,53,3,7,231.42857142857142
0,harmonic,54,1,3,540.0
0,harmonic,55,3,14,115.71428571428571
0,harmonic,56,1,3,540.0
0,harmonic,57,1,3,540.0
0,harmonic,59,1,2,810.0
0,harmonic,61,1,3,540.0
0,harmonic,62,1,2,810.0
0,harmonic,63,3,16,101.25
0,harmonic,64,1,3,540.0
0,harmonic,65,3,13,124.61538461538461
0,harmonic,66,1,3,540.0
0,harmonic,67,1,2,810.0
0,harmonic,68,3,10,162.0
0,harmonic,70,3,14,115.71428571428571
0,harmonic,71,3,14,115.71428571428571
0,harmonic,72,1,3,540.0
0,harmonic,73,1,3,540.0
0,harmonic,74,3,13,124.61538461538461
0,harmonic,75,2,6,270.0
0,harmonic,76,3,10,162.0
0,harmonic,77,3,10,162.0
0,harmonic,78,1,2,810.0
0,harmonic,79,3,10,162.0
0,harmonic,80,1,2,810.0
0,harmonic,81,3,8,202.5
0,harmonic,83,2,4,405.0
0,harmonic,84,3,13,124.61538461538461
0,harmonic,85,3,12,135.0
0,harmonic,86,1,3,540.0
0,harmonic,87,3,19,85.26315789473684
0,harmonic,88,1,3,540.0
0,harmonic,89,3,11,147.27272727272728
0,harmonic,90,3,14,115.71428571428571
0,harmonic,91,3,6,270.0
0,harmonic,93,3,13,124.61538461538461
0,harmonic,94,3,14,115.71428571428571
0,harmonic,95,3,13,124.61538461538461
0,harmonic,96,3,11,147.27272727272728
0,harmonic,97,2,6,270.0
0,harmonic,98,1,2,810.0
0,harmonic,99,3,9,180.0
