parameter,value,configurations,mean,best
theta_filter,0.2,277.0,0.7798175782460038,0.8844778007821485
theta_filter,0.3,258.0,0.7799185989215355,0.8923950319079142
theta_filter,0.4,265.0,0.7682238966811753,0.8832035986226296
min_size_frac,0.02,265.0,0.7765707571311103,0.8923950319079142
min_size_frac,0.03,270.0,0.7783008645201142,0.8923950319079142
min_size_frac,0.05,265.0,0.7731144009669269,0.8749748655948334
max_depth,4,270.0,0.782526540758509,0.8923950319079142
max_depth,6,254.0,0.7714540176195522,0.8923950319079142
max_depth,8,276.0,0.7738272240443731,0.8793622038187255
h,0.05,199.0,0.8033997361426243,0.8682032734367678
h,0.1,200.0,0.7944099161481749,0.8793622038187255
h,0.15,196.0,0.7767672476014927,0.8875372756008826
h,0.2,205.0,0.7307458003146389,0.8923950319079142
relative_h,False,406.0,0.7441180886803324,0.8535139176443524
relative_h,True,394.0,0.808872731756842,0.8923950319079142
theta_stop,0.05,277.0,0.7680023458152486,0.863185682205507
theta_stop,0.1,263.0,0.7875334415532758,0.8923950319079142
theta_stop,0.15,260.0,0.7728840592195205,0.8602323654457309
variant,avg,175.0,0.7255564325764543,0.8793622038187255
variant,harmonic,161.0,0.7727260007025325,0.8923950319079142
variant,max,155.0,0.7950166907900063,0.8503191856452726
variant,mean,142.0,0.8041423010068691,0.8429470303061285
variant,min,167.0,0.790483501119743,0.8287367192359141
