variant,k_true,texts,jaccard,precision,recall,exact_match
harmonic,1,62,0.989247311827957,0.989247311827957,1.0,0.9838709677419355
harmonic,2,65,0.7984615384615384,0.8753846153846153,0.9076923076923077,0.5538461538461539
harmonic,3,64,0.9270833333333334,0.96875,0.9427083333333334,0.859375
harmonic,4,66,0.8598484848484849,0.9848484848484849,0.8598484848484849,0.5757575757575758
max,1,64,0.9635416666666666,0.9635416666666666,0.984375,0.953125
max,2,66,0.7272727272727273,0.8484848484848485,0.8484848484848485,0.3939393939393939
max,3,64,0.8684895833333334,0.91015625,0.9114583333333334,0.6875
max,4,66,0.8469696969696969,0.9843434343434344,0.8560606060606061,0.5303030303030303
mean,1,62,0.9870967741935485,0.9870967741935485,1.0,0.9838709677419355
mean,2,65,0.5651282051282052,0.7112820512820512,0.8538461538461538,0.09230769230769231
mean,3,64,0.9544270833333334,0.99609375,0.9583333333333334,0.921875
mean,4,66,0.8712121212121212,1.0,0.8712121212121212,0.5757575757575758
min,1,62,0.989247311827957,0.989247311827957,1.0,0.9838709677419355
min,2,65,0.5676923076923077,0.6753846153846154,0.8923076923076924,0.07692307692307693
min,3,64,0.9544270833333334,0.99609375,0.9583333333333334,0.921875
min,4,66,0.8106060606060606,1.0,0.8106060606060606,0.3333333333333333
weighted,1,62,0.9771505376344086,0.9771505376344086,1.0,0.967741935483871
weighted,2,65,0.7502564102564102,0.8348717948717949,0.9153846153846154,0.46153846153846156
weighted,3,64,0.9348958333333334,0.9765625,0.9427083333333334,0.890625
weighted,4,66,0.8598484848484849,1.0,0.8598484848484849,0.5303030303030303
