rank,configuration_id,theta_filter,min_size_frac,max_depth,theta_stop,variant,relative_h,h,jaccard,jaccard_median,jaccard_std,jaccard_q1,jaccard_q3,jaccard_min,jaccard_max,precision,precision_median,precision_std,precision_q1,precision_q3,precision_min,precision_max,recall,recall_median,recall_std,recall_q1,recall_q3,recall_min,recall_max,exact_match
1,78,0.3,0.02,4,0.1,harmonic,True,0.2,0.8923950319079142,1.0,0.2069878374276313,0.8333333333333334,1.0,0.19444444444444442,1.0,0.9520929717387044,1.0,0.1268594660608278,1.0,1.0,0.3333333333333333,1.0,0.9279563811568643,1.0,0.18485080068191362,0.9166666666666666,1.0,0.19444444444444442,1.0,0.7402103621910386
2,79,0.3,0.02,4,0.1,harmonic,True,0.25,0.8891935903006756,1.0,0.22379265668090179,0.9166666666666666,1.0,0.0,1.0,0.9569856606088489,1.0,0.1589122275133635,1.0,1.0,0.0,1.0,0.9081555819679813,1.0,0.2146747492238438,0.9166666666666666,1.0,0.0,1.0,0.7459486746926359
3,77,0.3,0.02,4,0.1,harmonic,True,0.15,0.8875372756008826,1.0,0.20638396229737874,0.8125,1.0,0.19444444444444442,1.0,0.9463661614225222,1.0,0.1367205442411419,1.0,1.0,0.26666666666666666,1.0,0.937055887840912,1.0,0.16005568063368256,0.9166666666666666,1.0,0.19444444444444442,1.0,0.7278135623546252
4,28,0.3,0.02,4,0.1,avg,True,0.1,0.8793622038187255,1.0,0.21162073230107803,0.75,1.0,0.19444444444444442,1.0,0.9449134780052653,1.0,0.14516858947169461,1.0,1.0,0.26666666666666666,1.0,0.9303334994760114,1.0,0.1638612891798352,0.9166666666666666,1.0,0.19444444444444442,1.0,0.7096464995015719
5,29,0.3,0.02,4,0.1,avg,True,0.15,0.8754473072105923,1.0,0.2114626491628957,0.8333333333333334,1.0,0.19444444444444442,1.0,0.9638458621952984,1.0,0.11760946880137928,1.0,1.0,0.3,1.0,0.9074862186778452,1.0,0.18628084745164486,0.9166666666666666,1.0,0.19444444444444442,1.0,0.6997610101474835
6,27,0.3,0.02,4,0.1,avg,True,0.08,0.8735322998406735,1.0,0.21492436300770015,0.75,1.0,0.19444444444444442,1.0,0.9360706404587242,1.0,0.1514848898868901,0.9166666666666666,1.0,0.26666666666666666,1.0,0.9333464330445006,1.0,0.16064019365890683,0.9166666666666666,1.0,0.19444444444444442,1.0,0.6973008204892263
7,64,0.3,0.02,4,0.1,mean,True,0.3,0.8707355647573038,1.0,0.20114419086638602,0.7222222222222222,1.0,0.27777777777777773,1.0,0.9325773841474323,1.0,0.15008249262076298,1.0,1.0,0.3833333333333333,1.0,0.9381581806098714,1.0,0.13908492239345527,0.9166666666666666,1.0,0.4444444444444444,1.0,0.662966797024768
8,26,0.3,0.02,4,0.1,avg,True,0.05,0.8682032734367678,1.0,0.21641569824091667,0.7430555555555555,1.0,0.27777777777777773,1.0,0.9279379563598565,1.0,0.1610675027753424,0.9166666666666666,1.0,0.35000000000000003,1.0,0.9402653170769112,1.0,0.1359978751281199,0.9166666666666666,1.0,0.4444444444444444,1.0,0.6893643125527184
9,76,0.3,0.02,4,0.1,harmonic,True,0.1,0.8662283056002863,1.0,0.2124502093574295,0.7430555555555555,1.0,0.27777777777777773,1.0,0.9250571914219257,1.0,0.15817983367790148,0.9166666666666666,1.0,0.35000000000000003,1.0,0.9411711141783604,1.0,0.13593155111739255,0.9166666666666666,1.0,0.4444444444444444,1.0,0.6730503795721187
10,80,0.3,0.02,4,0.1,harmonic,True,0.3,0.8656444631887465,1.0,0.26121447831852257,0.9166666666666666,1.0,0.0,1.0,0.9441394235275071,1.0,0.20432436313576963,1.0,1.0,0.0,1.0,0.8742374477076571,1.0,0.2577592866539424,0.9166666666666666,1.0,0.0,1.0,0.7316028934386423
11,17,0.3,0.02,4,0.1,avg,False,0.02,0.8619329848597158,1.0,0.2162513100574919,0.8055555555555555,1.0,0.3277777777777778,1.0,0.9397276964104662,1.0,0.14995347780209597,1.0,1.0,0.4000000000000001,1.0,0.9222052884492498,1.0,0.15553684795139253,0.9166666666666666,1.0,0.3611111111111111,1.0,0.6758045139687652
12,66,0.3,0.02,4,0.1,harmonic,False,0.05,0.8560908331842308,1.0,0.21865226797063686,0.7222222222222222,1.0,0.3277777777777778,1.0,0.9368984783034703,1.0,0.15241940068466717,1.0,1.0,0.4000000000000001,1.0,0.9191923548807607,1.0,0.1589395546251614,0.9166666666666666,1.0,0.3611111111111111,1.0,0.6596375533573601
13,75,0.3,0.02,4,0.1,harmonic,True,0.08,0.8525924647905324,1.0,0.22588683507977236,0.7222222222222222,1.0,0.27777777777777773,1.0,0.9114213506121719,1.0,0.18263728195668774,0.9166666666666666,1.0,0.35000000000000003,1.0,0.9411711141783604,1.0,0.13593155111739255,0.9166666666666666,1.0,0.4444444444444444,1.0,0.6582125603864734
14,30,0.3,0.02,4,0.1,avg,True,0.2,0.848261785479982,1.0,0.23002501132061481,0.75,1.0,0.19444444444444442,1.0,0.9716647922364507,1.0,0.10541333263196806,1.0,1.0,0.3333333333333333,1.0,0.8724817669060826,1.0,0.21906046234317159,0.8958333333333334,1.0,0.19444444444444442,1.0,0.6463780896148045
15,63,0.3,0.02,4,0.1,mean,True,0.25,0.8465922645673047,1.0,0.21898621024943177,0.7222222222222222,1.0,0.27777777777777773,1.0,0.9084340839574333,1.0,0.18206077582992375,0.9166666666666666,1.0,0.3833333333333333,1.0,0.9381581806098714,1.0,0.13908492239345527,0.9166666666666666,1.0,0.4444444444444444,1.0,0.6240255092912098
16,65,0.3,0.02,4,0.1,harmonic,False,0.02,0.8436348183932726,1.0,0.23117327426202428,0.6666666666666666,1.0,0.3055555555555555,1.0,0.9024637042149118,1.0,0.19200580451026003,0.8263888888888888,1.0,0.37777777777777777,1.0,0.9411711141783604,1.0,0.13593155111739255,0.9166666666666666,1.0,0.4444444444444444,1.0,0.6462566776576438
17,51,0.3,0.02,4,0.1,mean,False,0.08,0.8412575935724084,1.0,0.22298846994187696,0.6666666666666666,1.0,0.27777777777777773,1.0,0.9145728429142278,1.0,0.179147314668868,0.8888888888888888,1.0,0.35000000000000003,1.0,0.9266847506581805,1.0,0.1481137151127062,0.9166666666666666,1.0,0.4444444444444444,1.0,0.6275464560488716
18,52,0.3,0.02,4,0.1,mean,False,0.1,0.8410537492864384,1.0,0.22345257514867126,0.6666666666666666,1.0,0.27777777777777773,1.0,0.9256571155927033,1.0,0.16991349229000452,1.0,1.0,0.35000000000000003,1.0,0.9153966336937351,1.0,0.1612720683474863,0.9166666666666666,1.0,0.3611111111111111,1.0,0.6285816527362421
19,67,0.3,0.02,4,0.1,harmonic,False,0.08,0.8401145106459116,1.0,0.23522746822005502,0.6666666666666666,1.0,0.19444444444444442,1.0,0.9531048445500941,1.0,0.13762373307450707,1.0,1.0,0.26666666666666666,1.0,0.8787792134209204,1.0,0.21620383121230258,0.8333333333333334,1.0,0.19444444444444442,1.0,0.6337320757610612
20,25,0.3,0.02,4,0.1,avg,True,0.02,0.8367098637630038,1.0,0.23293612999259475,0.7222222222222222,1.0,0.27777777777777773,1.0,0.8964445466860926,1.0,0.1978053356416494,0.8055555555555555,1.0,0.35000000000000003,1.0,0.9402653170769112,1.0,0.1359978751281199,0.9166666666666666,1.0,0.4444444444444444,1.0,0.6277956700662015
21,74,0.3,0.02,4,0.1,harmonic,True,0.05,0.8313240719440397,1.0,0.2351103831591035,0.6666666666666666,1.0,0.27777777777777773,1.0,0.8901529577656792,1.0,0.1999829338424607,0.8055555555555555,1.0,0.35000000000000003,1.0,0.9411711141783604,1.0,0.13593155111739255,0.9166666666666666,1.0,0.4444444444444444,1.0,0.6151049254913988
22,36,0.3,0.02,4,0.1,min,False,0.1,0.8287367192359141,1.0,0.21942446928765644,0.6666666666666666,1.0,0.3055555555555555,1.0,0.9127537935911527,1.0,0.17975223391419762,0.8888888888888888,1.0,0.37777777777777777,1.0,0.9159829256447614,1.0,0.1595245646378628,0.9166666666666666,1.0,0.3611111111111111,1.0,0.5750006390103009
23,5,0.3,0.02,4,0.1,max,False,0.15,0.8286045506053559,1.0,0.2441275723836448,0.6805555555555555,1.0,0.08333333333333333,1.0,0.9040253388884628,1.0,0.1929429888696028,0.9166666666666666,1.0,0.16666666666666666,1.0,0.9082652787362933,1.0,0.21167314556426664,0.9166666666666666,1.0,0.08333333333333333,1.0,0.6085486798047185
24,53,0.3,0.02,4,0.1,mean,False,0.15,0.8283222145540986,0.9583333333333334,0.22299763747998388,0.6597222222222222,1.0,0.3055555555555555,1.0,0.9591329482231253,1.0,0.11887808669272147,1.0,1.0,0.4666666666666666,1.0,0.8691892663309733,1.0,0.20884191303785826,0.8125,1.0,0.3055555555555555,1.0,0.5947396672034353
25,62,0.3,0.02,4,0.1,mean,True,0.2,0.8282980386643833,1.0,0.22756823794131095,0.7222222222222222,1.0,0.27777777777777773,1.0,0.8901398580545118,1.0,0.19691588032736684,0.8055555555555555,1.0,0.35000000000000003,1.0,0.9381581806098714,1.0,0.13908492239345527,0.9166666666666666,1.0,0.4444444444444444,1.0,0.5878703064693404
26,50,0.3,0.02,4,0.1,mean,False,0.05,0.8248784815411225,1.0,0.23276047899694033,0.6666666666666666,1.0,0.27777777777777773,1.0,0.8867203009312511,1.0,0.2042096987960218,0.7916666666666666,1.0,0.35000000000000003,1.0,0.9381581806098714,1.0,0.13908492239345527,0.9166666666666666,1.0,0.4444444444444444,1.0,0.5959537867750428
27,68,0.3,0.02,4,0.1,harmonic,False,0.1,0.8234049237873714,1.0,0.25108261155706185,0.6597222222222222,1.0,0.1111111111111111,1.0,0.9602718775826666,1.0,0.1502244711580856,1.0,1.0,0.13333333333333333,1.0,0.8471641787865621,1.0,0.24514104295240688,0.8333333333333334,1.0,0.1111111111111111,1.0,0.6075326534263733
28,48,0.3,0.02,4,0.1,min,True,0.3,0.822734601981784,0.9583333333333334,0.22256159057683264,0.6944444444444443,1.0,0.27777777777777773,1.0,0.8949219981426101,1.0,0.19187609667806751,0.7777777777777777,1.0,0.35000000000000003,1.0,0.927812603839174,1.0,0.14237574977155032,0.9166666666666666,1.0,0.4444444444444444,1.0,0.5581946680980497
29,61,0.3,0.02,4,0.1,mean,True,0.15,0.8223039090390136,1.0,0.2340389839348549,0.6666666666666666,1.0,0.27777777777777773,1.0,0.8841457284291422,1.0,0.2063883537975976,0.8055555555555555,1.0,0.35000000000000003,1.0,0.9381581806098714,1.0,0.13908492239345527,0.9166666666666666,1.0,0.4444444444444444,1.0,0.5878703064693404
30,35,0.3,0.02,4,0.1,min,False,0.08,0.8219200768516388,1.0,0.22661113372252104,0.6666666666666666,1.0,0.3055555555555555,1.0,0.8941074730124651,1.0,0.1981624547157029,0.8055555555555555,1.0,0.37777777777777777,1.0,0.927812603839174,1.0,0.14237574977155032,0.9166666666666666,1.0,0.4444444444444444,1.0,0.5703933747412008
31,37,0.3,0.02,4,0.1,min,False,0.15,0.8199137975104159,0.9166666666666666,0.2244353233768894,0.6666666666666666,1.0,0.3055555555555555,1.0,0.9416969131542401,1.0,0.15091956331584033,1.0,1.0,0.4000000000000001,1.0,0.8782168843561758,1.0,0.19376823569449322,0.8333333333333334,1.0,0.3055555555555555,1.0,0.5605078853871124
32,6,0.3,0.02,4,0.1,max,False,0.2,0.8185275711644472,1.0,0.2704879425048949,0.6666666666666666,1.0,0.0,1.0,0.911035814397328,1.0,0.2158879755241586,0.9333333333333332,1.0,0.0,1.0,0.866910129591289,1.0,0.2613197715165301,0.8333333333333334,1.0,0.0,1.0,0.6165810392863533
33,73,0.3,0.02,4,0.1,harmonic,True,0.02,0.8175443473148788,1.0,0.2410114425298933,0.6666666666666666,1.0,0.27777777777777773,1.0,0.8763732331365182,1.0,0.21292579019980898,0.8055555555555555,1.0,0.35000000000000003,1.0,0.9411711141783604,1.0,0.13593155111739255,0.9166666666666666,1.0,0.4444444444444444,1.0,0.5914934948751375
34,47,0.3,0.02,4,0.1,min,True,0.25,0.8173468931319173,0.9583333333333334,0.22909304693718238,0.6805555555555555,1.0,0.27777777777777773,1.0,0.8895342892927434,1.0,0.2023205264171036,0.7777777777777777,1.0,0.35000000000000003,1.0,0.927812603839174,1.0,0.14237574977155032,0.9166666666666666,1.0,0.4444444444444444,1.0,0.5581946680980497
35,16,0.3,0.02,4,0.1,max,True,0.3,0.8173243147679541,1.0,0.2480863763995457,0.6944444444444443,1.0,0.08333333333333333,1.0,0.8714644625071357,1.0,0.21634533307857487,0.7777777777777777,1.0,0.13333333333333333,1.0,0.9295459192802188,1.0,0.1954657856574975,1.0,1.0,0.08333333333333333,1.0,0.5833141630243079
36,54,0.3,0.02,4,0.1,mean,False,0.2,0.8172792645417445,0.9583333333333334,0.2510919414059919,0.5833333333333334,1.0,0.1111111111111111,1.0,0.9719304075181693,1.0,0.12799745514645403,1.0,1.0,0.2222222222222222,1.0,0.8293799896054322,0.9583333333333334,0.250640289113326,0.6666666666666666,1.0,0.1111111111111111,1.0,0.5920047031158142
37,49,0.3,0.02,4,0.1,mean,False,0.02,0.8169151351719789,1.0,0.2377344402770001,0.6666666666666666,1.0,0.27777777777777773,1.0,0.8787569545621076,1.0,0.21214106439816804,0.75,1.0,0.35000000000000003,1.0,0.9381581806098714,1.0,0.13908492239345527,0.9166666666666666,1.0,0.4444444444444444,1.0,0.5839020525010863
38,60,0.3,0.02,4,0.1,mean,True,0.1,0.8169151351719789,1.0,0.2377344402770001,0.6666666666666666,1.0,0.27777777777777773,1.0,0.8787569545621076,1.0,0.21214106439816804,0.75,1.0,0.35000000000000003,1.0,0.9381581806098714,1.0,0.13908492239345527,0.9166666666666666,1.0,0.4444444444444444,1.0,0.5839020525010863
39,58,0.3,0.02,4,0.1,mean,True,0.05,0.8162537595106034,1.0,0.23826283649534133,0.6666666666666666,1.0,0.27777777777777773,1.0,0.8780955789007319,1.0,0.21286889225828562,0.75,1.0,0.35000000000000003,1.0,0.9381581806098714,1.0,0.13908492239345527,0.9166666666666666,1.0,0.4444444444444444,1.0,0.5839020525010863
40,59,0.3,0.02,4,0.1,mean,True,0.08,0.8162537595106034,1.0,0.23826283649534133,0.6666666666666666,1.0,0.27777777777777773,1.0,0.8780955789007319,1.0,0.21286889225828562,0.75,1.0,0.35000000000000003,1.0,0.9381581806098714,1.0,0.13908492239345527,0.9166666666666666,1.0,0.4444444444444444,1.0,0.5839020525010863
41,57,0.3,0.02,4,0.1,mean,True,0.02,0.8162537595106034,1.0,0.23826283649534133,0.6666666666666666,1.0,0.27777777777777773,1.0,0.8780955789007319,1.0,0.21286889225828562,0.75,1.0,0.35000000000000003,1.0,0.9381581806098714,1.0,0.13908492239345527,0.9166666666666666,1.0,0.4444444444444444,1.0,0.5839020525010863
42,15,0.3,0.02,4,0.1,max,True,0.25,0.8149555035827177,1.0,0.25108727617884447,0.6388888888888888,1.0,0.08333333333333333,1.0,0.8662919936269372,1.0,0.22057109804739516,0.7777777777777777,1.0,0.13333333333333333,1.0,0.9323495769751808,1.0,0.19491703012667314,1.0,1.0,0.08333333333333333,1.0,0.5831671906551134
43,3,0.3,0.02,4,0.1,max,False,0.08,0.8125107566733974,1.0,0.23969428012257107,0.6388888888888888,1.0,0.16666666666666666,1.0,0.8648393102096805,1.0,0.21349054693703853,0.7638888888888888,1.0,0.21666666666666667,1.0,0.943703192495463,1.0,0.14064255413206025,1.0,1.0,0.3333333333333333,1.0,0.5682782506454004
44,46,0.3,0.02,4,0.1,min,True,0.2,0.8122571760856786,0.9166666666666666,0.23294270841484419,0.6388888888888888,1.0,0.27777777777777773,1.0,0.8844445722465046,1.0,0.20879662415043834,0.7777777777777777,1.0,0.35000000000000003,1.0,0.927812603839174,1.0,0.14237574977155032,0.9166666666666666,1.0,0.4444444444444444,1.0,0.5542264141297958
45,4,0.3,0.02,4,0.1,max,False,0.1,0.8117922960918129,1.0,0.24767321558186753,0.6388888888888888,1.0,0.08333333333333333,1.0,0.8689086343071849,1.0,0.21594258045097445,0.7777777777777777,1.0,0.16666666666666666,1.0,0.9306849551414769,1.0,0.1874995539610295,1.0,1.0,0.08333333333333333,1.0,0.5751795618945378
46,34,0.3,0.02,4,0.1,min,False,0.05,0.8105375993661018,0.9166666666666666,0.23461698350974003,0.6388888888888888,1.0,0.27777777777777773,1.0,0.882724995526928,1.0,0.2110889921472587,0.7777777777777777,1.0,0.35000000000000003,1.0,0.927812603839174,1.0,0.14237574977155032,0.9166666666666666,1.0,0.4444444444444444,1.0,0.5542264141297958
47,2,0.3,0.02,4,0.1,max,False,0.05,0.8096304177423339,1.0,0.2373794312097364,0.6388888888888888,1.0,0.27777777777777773,1.0,0.8589827808024265,1.0,0.212723458090645,0.7638888888888888,1.0,0.35000000000000003,1.0,0.9506476369399075,1.0,0.1277869743941746,1.0,1.0,0.4444444444444444,1.0,0.5564246095647062
48,45,0.3,0.02,4,0.1,min,True,0.15,0.8096116734401759,0.9166666666666666,0.23373653949725667,0.6388888888888888,1.0,0.27777777777777773,1.0,0.881799069601002,1.0,0.21048266183978573,0.7777777777777777,1.0,0.35000000000000003,1.0,0.927812603839174,1.0,0.14237574977155032,0.9166666666666666,1.0,0.4444444444444444,1.0,0.5502581601615417
49,18,0.3,0.02,4,0.1,avg,False,0.05,0.8093851442885258,0.9166666666666666,0.24509663162614595,0.625,1.0,0.19444444444444442,1.0,0.9561764605645443,1.0,0.1340312772544585,1.0,1.0,0.26666666666666666,1.0,0.849093457386533,0.9166666666666666,0.23090086953238428,0.8055555555555555,1.0,0.19444444444444442,1.0,0.5646742325486288
50,33,0.3,0.02,4,0.1,min,False,0.02,0.8092148480433505,0.9166666666666666,0.23428601982624309,0.6388888888888888,1.0,0.27777777777777773,1.0,0.8814022442041766,1.0,0.21117395946048903,0.7777777777777777,1.0,0.35000000000000003,1.0,0.927812603839174,1.0,0.14237574977155032,0.9166666666666666,1.0,0.4444444444444444,1.0,0.5502581601615417
51,43,0.3,0.02,4,0.1,min,True,0.08,0.8092148480433505,0.9166666666666666,0.23428601982624309,0.6388888888888888,1.0,0.27777777777777773,1.0,0.8814022442041766,1.0,0.21117395946048903,0.7777777777777777,1.0,0.35000000000000003,1.0,0.927812603839174,1.0,0.14237574977155032,0.9166666666666666,1.0,0.4444444444444444,1.0,0.5502581601615417
52,41,0.3,0.02,4,0.1,min,True,0.02,0.8092148480433505,0.9166666666666666,0.23428601982624309,0.6388888888888888,1.0,0.27777777777777773,1.0,0.8814022442041766,1.0,0.21117395946048903,0.7777777777777777,1.0,0.35000000000000003,1.0,0.927812603839174,1.0,0.14237574977155032,0.9166666666666666,1.0,0.4444444444444444,1.0,0.5502581601615417
53,44,0.3,0.02,4,0.1,min,True,0.1,0.8092148480433505,0.9166666666666666,0.23428601982624309,0.6388888888888888,1.0,0.27777777777777773,1.0,0.8814022442041766,1.0,0.21117395946048903,0.7777777777777777,1.0,0.35000000000000003,1.0,0.927812603839174,1.0,0.14237574977155032,0.9166666666666666,1.0,0.4444444444444444,1.0,0.5502581601615417
54,42,0.3,0.02,4,0.1,min,True,0.05,0.8092148480433505,0.9166666666666666,0.23428601982624309,0.6388888888888888,1.0,0.27777777777777773,1.0,0.8814022442041766,1.0,0.21117395946048903,0.7777777777777777,1.0,0.35000000000000003,1.0,0.927812603839174,1.0,0.14237574977155032,0.9166666666666666,1.0,0.4444444444444444,1.0,0.5502581601615417
55,14,0.3,0.02,4,0.1,max,True,0.2,0.8076384096311632,1.0,0.2486565085506828,0.6388888888888888,1.0,0.08333333333333333,1.0,0.8589748996753827,1.0,0.2215450020257245,0.7777777777777777,1.0,0.13333333333333333,1.0,0.9364648033126294,1.0,0.18380661727720984,1.0,1.0,0.08333333333333333,1.0,0.560098918794571
56,13,0.3,0.02,4,0.1,max,True,0.15,0.8051304007020592,0.9583333333333334,0.2399998331947865,0.6388888888888888,1.0,0.16666666666666666,1.0,0.8554748272542154,1.0,0.21612445544308578,0.7638888888888888,1.0,0.21666666666666667,1.0,0.94568731947959,1.0,0.13871398733499837,1.0,1.0,0.3333333333333333,1.0,0.5443728752907496
57,12,0.3,0.02,4,0.1,max,True,0.1,0.8049713936388653,0.9583333333333334,0.23853050320209865,0.6388888888888888,1.0,0.27777777777777773,1.0,0.8553158201910215,1.0,0.2145168371264149,0.7638888888888888,1.0,0.35000000000000003,1.0,0.9496555734478439,1.0,0.12825553697663258,1.0,1.0,0.4444444444444444,1.0,0.5443728752907496
58,11,0.3,0.02,4,0.1,max,True,0.08,0.8048905588358083,1.0,0.2401042345877383,0.6388888888888888,1.0,0.27777777777777773,1.0,0.854242921895901,1.0,0.2158616950971103,0.7222222222222222,1.0,0.35000000000000003,1.0,0.9506476369399075,1.0,0.1277869743941746,1.0,1.0,0.4444444444444444,1.0,0.5483411292590036
59,1,0.3,0.02,4,0.1,max,False,0.02,0.8044937334389829,1.0,0.24063520812555653,0.6388888888888888,1.0,0.27777777777777773,1.0,0.8538460964990756,1.0,0.2165032678513258,0.7222222222222222,1.0,0.35000000000000003,1.0,0.9506476369399075,1.0,0.1277869743941746,1.0,1.0,0.4444444444444444,1.0,0.5483411292590036
60,10,0.3,0.02,4,0.1,max,True,0.05,0.8044937334389829,1.0,0.24063520812555653,0.6388888888888888,1.0,0.27777777777777773,1.0,0.8538460964990756,1.0,0.2165032678513258,0.7222222222222222,1.0,0.35000000000000003,1.0,0.9506476369399075,1.0,0.1277869743941746,1.0,1.0,0.4444444444444444,1.0,0.5483411292590036
61,9,0.3,0.02,4,0.1,max,True,0.02,0.8038323577776073,1.0,0.24115039717119127,0.6388888888888888,1.0,0.27777777777777773,1.0,0.8531847208376999,1.0,0.21718554770286116,0.7222222222222222,1.0,0.35000000000000003,1.0,0.9506476369399075,1.0,0.1277869743941746,1.0,1.0,0.4444444444444444,1.0,0.5483411292590036
62,31,0.3,0.02,4,0.1,avg,True,0.25,0.786993371333146,0.9166666666666666,0.283446117641081,0.5833333333333334,1.0,0.0,1.0,0.9579158466034472,1.0,0.17758694609815792,1.0,1.0,0.0,1.0,0.8020409989009023,0.9166666666666666,0.28217878210614084,0.6666666666666666,1.0,0.0,1.0,0.5701697211359047
63,38,0.3,0.02,4,0.1,min,False,0.2,0.7865612938680572,0.8333333333333334,0.23908702598096468,0.5833333333333334,1.0,0.27777777777777773,1.0,0.9589540253388885,1.0,0.12375333876507194,1.0,1.0,0.4666666666666666,1.0,0.8276072685291687,0.9166666666666666,0.23143626820923316,0.6666666666666666,1.0,0.27777777777777773,1.0,0.5072208163995604
64,7,0.3,0.02,4,0.1,max,False,0.25,0.7801905741720557,1.0,0.31647552293649733,0.611111111111111,1.0,0.0,1.0,0.8862431732399525,1.0,0.27161600677906445,0.9166666666666666,1.0,0.0,1.0,0.8052610783085824,1.0,0.3192992151265383,0.6666666666666666,1.0,0.0,1.0,0.5913976433300104
65,39,0.3,0.02,4,0.1,min,False,0.25,0.7473997605841406,0.8333333333333334,0.2758486549566901,0.5555555555555555,1.0,0.0,1.0,0.9578732459167242,1.0,0.16472142696220085,1.0,1.0,0.0,1.0,0.770081431212671,0.9166666666666666,0.27594525288801636,0.5833333333333334,1.0,0.0,1.0,0.48038238376402626
66,32,0.3,0.02,4,0.1,avg,True,0.3,0.7359934267140388,0.9166666666666666,0.30482129304201827,0.49999999999999994,1.0,0.0,1.0,0.9605219436137311,1.0,0.17996266339812825,1.0,1.0,0.0,1.0,0.7448117688657141,0.9166666666666666,0.3051508831492155,0.5277777777777778,1.0,0.0,1.0,0.5127674258109041
67,19,0.3,0.02,4,0.1,avg,False,0.08,0.7244081699596997,0.8333333333333334,0.28303914224763066,0.4444444444444444,1.0,0.0,1.0,0.9484105683783621,1.0,0.17566342265208681,1.0,1.0,0.0,1.0,0.7565525181265923,0.9166666666666666,0.28378304805643395,0.5277777777777778,1.0,0.0,1.0,0.4407062341844951
68,69,0.3,0.02,4,0.1,harmonic,False,0.15,0.7096363818384752,0.875,0.31622350933788074,0.4444444444444444,1.0,0.0,1.0,0.930728088336784,1.0,0.2361078204845287,1.0,1.0,0.0,1.0,0.7195889672741526,0.9166666666666666,0.31870703273697143,0.4444444444444444,1.0,0.0,1.0,0.4610395419574163
69,8,0.3,0.02,4,0.1,max,False,0.3,0.6903353952065707,0.9166666666666666,0.37336640488506506,0.3333333333333333,1.0,0.0,1.0,0.8197619260622481,1.0,0.3492346989347989,0.6666666666666666,1.0,0.0,1.0,0.6976783690753096,1.0,0.3757455479015934,0.3333333333333333,1.0,0.0,1.0,0.5209148071466911
70,40,0.3,0.02,4,0.1,min,False,0.3,0.683005095042132,0.8055555555555555,0.32075679166345283,0.4444444444444444,1.0,0.0,1.0,0.9213303768456748,1.0,0.24781294300502865,1.0,1.0,0.0,1.0,0.6941249392940213,0.8333333333333334,0.3257934879972633,0.4444444444444444,1.0,0.0,1.0,0.4173887483066227
71,55,0.3,0.02,4,0.1,mean,False,0.25,0.670362808748477,0.75,0.3325330134517736,0.38888888888888884,1.0,0.0,1.0,0.8914023294055501,1.0,0.2798866347882425,1.0,1.0,0.0,1.0,0.6757028048292139,0.75,0.33470777111002975,0.38888888888888884,1.0,0.0,1.0,0.41106254632824674
72,20,0.3,0.02,4,0.1,avg,False,0.1,0.6624613398767988,0.6666666666666666,0.3020520656353704,0.4444444444444444,1.0,0.0,1.0,0.9527243139159403,1.0,0.17196176539973387,1.0,1.0,0.0,1.0,0.6902919425061133,0.75,0.30827981084915335,0.4444444444444444,1.0,0.0,1.0,0.38231986299619153
73,70,0.3,0.02,4,0.1,harmonic,False,0.2,0.5423173921563615,0.4444444444444444,0.3545615875456187,0.3055555555555555,0.9166666666666666,0.0,1.0,0.8559500379146111,1.0,0.3377279322337925,1.0,1.0,0.0,1.0,0.546334636914347,0.4444444444444444,0.35724382626272105,0.3055555555555555,0.9166666666666666,0.0,1.0,0.32305165759272036
74,21,0.3,0.02,4,0.1,avg,False,0.15,0.5360673389055032,0.4444444444444444,0.30265229002939614,0.3055555555555555,0.7916666666666666,0.0,1.0,0.9666457923301724,1.0,0.1739682092137398,1.0,1.0,0.0,1.0,0.5387618323407374,0.4444444444444444,0.30500398113435084,0.3055555555555555,0.8541666666666666,0.0,1.0,0.2637770620862408
75,22,0.3,0.02,4,0.1,avg,False,0.2,0.49957772069285755,0.4444444444444444,0.31264423894706267,0.3055555555555555,0.6666666666666666,0.0,1.0,0.922417759374281,1.0,0.25610198701054265,1.0,1.0,0.0,1.0,0.49957772069285755,0.4444444444444444,0.31264423894706267,0.3055555555555555,0.6666666666666666,0.0,1.0,0.2481021394064872
76,56,0.3,0.02,4,0.1,mean,False,0.3,0.49528197394542,0.38888888888888884,0.3699313171936102,0.19444444444444442,0.9166666666666666,0.0,1.0,0.7759054775962989,1.0,0.4056007921886449,0.6666666666666666,1.0,0.0,1.0,0.49528197394542,0.38888888888888884,0.3699313171936102,0.19444444444444442,0.9166666666666666,0.0,1.0,0.27420571019604834
77,71,0.3,0.02,4,0.1,harmonic,False,0.25,0.4682129650929973,0.38888888888888884,0.3387203536044961,0.27777777777777773,0.6666666666666666,0.0,1.0,0.8405221992178514,1.0,0.3558880014063303,1.0,1.0,0.0,1.0,0.4682129650929973,0.38888888888888884,0.3387203536044961,0.27777777777777773,0.6666666666666666,0.0,1.0,0.2481021394064872
78,23,0.3,0.02,4,0.1,avg,False,0.25,0.4668151300598966,0.38888888888888884,0.33018979260754616,0.27777777777777773,0.6666666666666666,0.0,1.0,0.8553600184034966,1.0,0.3391703614608836,1.0,1.0,0.0,1.0,0.4668151300598966,0.38888888888888884,0.33018979260754616,0.27777777777777773,0.6666666666666666,0.0,1.0,0.2359034327633361
79,24,0.3,0.02,4,0.1,avg,False,0.3,0.4251995842172976,0.38888888888888884,0.34008896710525643,0.16666666666666666,0.6666666666666666,0.0,1.0,0.7838419855328068,1.0,0.3961934677738026,0.6666666666666666,1.0,0.0,1.0,0.4251995842172976,0.38888888888888884,0.34008896710525643,0.16666666666666666,0.6666666666666666,0.0,1.0,0.21150601947703396
80,72,0.3,0.02,4,0.1,harmonic,False,0.3,0.41858582760354096,0.38888888888888884,0.3455142591072635,0.16666666666666666,0.6666666666666666,0.0,1.0,0.7679689696597909,1.0,0.4137592635319061,0.6666666666666666,1.0,0.0,1.0,0.41858582760354096,0.38888888888888884,0.3455142591072635,0.16666666666666666,0.6666666666666666,0.0,1.0,0.21150601947703396
