relative_h,h,mean_leaves,mean_depth
False,0.02,10.16320962093909,2.563875063886062
False,0.05,9.139451217953633,2.4742374484932057
False,0.08,7.943230324872836,2.36765550669888
False,0.1,7.03341384863124,2.2682600514750675
False,0.15,5.003802111290034,1.956437698636199
False,0.2,3.07898806328758,1.3119368175278394
False,0.25,2.5206272525113107,0.9514845398175046
False,0.3,2.355238606446336,0.8978043326782047
True,0.02,10.50265828285152,2.593909858171781
True,0.05,10.239820565907522,2.568088581406437
True,0.08,9.934092477570738,2.5383078912245582
True,0.1,9.722784551286965,2.5164404874978703
True,0.15,9.38486312399356,2.4858417508417507
True,0.2,8.928616159292488,2.444544069502093
True,0.25,8.279975973212688,2.3841241973954888
True,0.3,7.488440303657694,2.3025209603758894
