variant,relative_h,h,A_default,B_weak_signal,C_deep,Overall
max,False,0.15,0.8180555555555558,0.8409465020576131,0.8268115942028985,0.8286045506053559
max,True,0.3,0.8103174603174603,0.8059670781893004,0.8356884057971016,0.8173243147679541
weighted,False,0.02,0.8476190476190476,0.8905349794238682,0.8476449275362318,0.8619329848597158
weighted,True,0.1,0.8817460317460317,0.8833333333333333,0.8730072463768116,0.8793622038187255
min,False,0.1,0.7928571428571428,0.8701646090534981,0.8231884057971013,0.8287367192359141
min,True,0.3,0.8011904761904763,0.8483539094650207,0.818659420289855,0.822734601981784
mean,False,0.08,0.7956349206349207,0.8823045267489712,0.8458333333333333,0.8412575935724084
mean,True,0.3,0.8660714285714286,0.8888888888888888,0.8572463768115941,0.8707355647573038
harmonic,False,0.05,0.8374999999999999,0.8831275720164609,0.8476449275362318,0.8560908331842308
harmonic,True,0.2,0.9166666666666666,0.8773662551440329,0.8831521739130435,0.8923950319079142
