rank,configuration_id,theta_filter,min_size_frac,max_depth,theta_stop,variant,relative_h,h,corpus,n_texts_evaluated,jaccard,jaccard_median,jaccard_std,jaccard_q1,jaccard_q3,jaccard_min,jaccard_max,precision,precision_median,precision_std,precision_q1,precision_q3,precision_min,precision_max,recall,recall_median,recall_std,recall_q1,recall_q3,recall_min,recall_max,exact_match
1,78,0.3,0.02,4,0.1,harmonic,True,0.2,A_default,84,0.9166666666666666,1.0,0.17112510591425015,1.0,1.0,0.3333333333333333,1.0,0.978174603174603,1.0,0.08879590901050911,1.0,1.0,0.5,1.0,0.9384920634920635,1.0,0.1552942577683559,1.0,1.0,0.3333333333333333,1.0,0.7857142857142857
1,78,0.3,0.02,4,0.1,harmonic,True,0.2,B_weak_signal,81,0.8773662551440329,1.0,0.23979604531153295,0.75,1.0,0.0,1.0,0.8835390946502057,1.0,0.2396538856577059,1.0,1.0,0.0,1.0,0.9567901234567902,1.0,0.19280059102926675,1.0,1.0,0.0,1.0,0.7283950617283951
1,78,0.3,0.02,4,0.1,harmonic,True,0.2,C_deep,92,0.8831521739130435,1.0,0.2100423610571106,0.75,1.0,0.25,1.0,0.9945652173913043,1.0,0.05212860351426867,1.0,1.0,0.5,1.0,0.8885869565217391,1.0,0.20645755324811818,0.75,1.0,0.25,1.0,0.7065217391304348
2,79,0.3,0.02,4,0.1,harmonic,True,0.25,A_default,84,0.9057539682539684,1.0,0.19693933258834223,1.0,1.0,0.0,1.0,0.9761904761904762,1.0,0.12446097204675337,1.0,1.0,0.0,1.0,0.9176587301587301,1.0,0.19208486227124452,1.0,1.0,0.0,1.0,0.7738095238095238
2,79,0.3,0.02,4,0.1,harmonic,True,0.25,B_weak_signal,81,0.8958847736625514,1.0,0.24498484738002918,1.0,1.0,0.0,1.0,0.9092592592592593,1.0,0.2427418610604918,1.0,1.0,0.0,1.0,0.9372427983539096,1.0,0.22303574085998018,1.0,1.0,0.0,1.0,0.7901234567901234
2,79,0.3,0.02,4,0.1,harmonic,True,0.25,C_deep,92,0.8659420289855071,1.0,0.22945379007433409,0.75,1.0,0.0,1.0,0.9855072463768115,1.0,0.10953384943284525,1.0,1.0,0.0,1.0,0.8695652173913043,1.0,0.22890364454030657,0.75,1.0,0.0,1.0,0.6739130434782609
3,77,0.3,0.02,4,0.1,harmonic,True,0.15,A_default,84,0.8986111111111109,1.0,0.18756896693835626,0.9375,1.0,0.3333333333333333,1.0,0.9571428571428572,1.0,0.1285873643467741,1.0,1.0,0.4,1.0,0.941468253968254,1.0,0.15402876275711064,1.0,1.0,0.3333333333333333,1.0,0.75
3,77,0.3,0.02,4,0.1,harmonic,True,0.15,B_weak_signal,81,0.8792181069958848,1.0,0.21939833864770203,0.75,1.0,0.0,1.0,0.8884773662551441,1.0,0.21901994415952933,1.0,1.0,0.0,1.0,0.9783950617283951,1.0,0.11987969792800048,1.0,1.0,0.0,1.0,0.7160493827160493
3,77,0.3,0.02,4,0.1,harmonic,True,0.15,C_deep,92,0.8847826086956523,1.0,0.21218458130607812,0.75,1.0,0.25,1.0,0.9934782608695653,1.0,0.06255432421712241,1.0,1.0,0.4,1.0,0.8913043478260869,1.0,0.20625858121593638,0.75,1.0,0.25,1.0,0.717391304347826
4,28,0.3,0.02,4,0.1,weighted,True,0.1,A_default,84,0.8817460317460317,1.0,0.1997089422901478,0.75,1.0,0.3333333333333333,1.0,0.949206349206349,1.0,0.14306608039458416,1.0,1.0,0.4,1.0,0.9325396825396824,1.0,0.1623312585302529,1.0,1.0,0.3333333333333333,1.0,0.7142857142857143
4,28,0.3,0.02,4,0.1,weighted,True,0.1,B_weak_signal,81,0.8833333333333333,1.0,0.22203290546923693,0.75,1.0,0.0,1.0,0.8956790123456789,1.0,0.22121473004780548,1.0,1.0,0.0,1.0,0.9753086419753086,1.0,0.12250598372888859,1.0,1.0,0.0,1.0,0.7407407407407407
4,28,0.3,0.02,4,0.1,weighted,True,0.1,C_deep,92,0.8730072463768116,1.0,0.21312034914384936,0.75,1.0,0.25,1.0,0.989855072463768,1.0,0.07122495797269404,1.0,1.0,0.4,1.0,0.8831521739130435,1.0,0.206746625280364,0.75,1.0,0.25,1.0,0.6739130434782609
5,29,0.3,0.02,4,0.1,weighted,True,0.15,A_default,84,0.8777777777777778,1.0,0.20720511107219336,0.75,1.0,0.3333333333333333,1.0,0.965079365079365,1.0,0.12034141101444165,1.0,1.0,0.4,1.0,0.9126984126984126,1.0,0.18607153853811914,1.0,1.0,0.3333333333333333,1.0,0.7142857142857143
5,29,0.3,0.02,4,0.1,weighted,True,0.15,B_weak_signal,81,0.9061728395061729,1.0,0.19165660199017343,1.0,1.0,0.0,1.0,0.9318930041152261,1.0,0.1803583918754275,1.0,1.0,0.0,1.0,0.9619341563786009,1.0,0.1394740758443929,1.0,1.0,0.0,1.0,0.7654320987654321
5,29,0.3,0.02,4,0.1,weighted,True,0.15,C_deep,92,0.842391304347826,1.0,0.2355262344263201,0.75,1.0,0.25,1.0,0.9945652173913043,1.0,0.05212860351426867,1.0,1.0,0.5,1.0,0.8478260869565217,1.0,0.23329692797242238,0.75,1.0,0.25,1.0,0.6195652173913043
6,27,0.3,0.02,4,0.1,weighted,True,0.08,A_default,84,0.8817460317460317,1.0,0.1997089422901478,0.75,1.0,0.3333333333333333,1.0,0.9432539682539682,1.0,0.1511030182999369,1.0,1.0,0.4,1.0,0.9384920634920635,1.0,0.1552942577683559,1.0,1.0,0.3333333333333333,1.0,0.7142857142857143
6,27,0.3,0.02,4,0.1,weighted,True,0.08,B_weak_signal,81,0.865843621399177,1.0,0.23194379758910316,0.75,1.0,0.0,1.0,0.8751028806584363,1.0,0.23212669338803918,0.75,1.0,0.0,1.0,0.9783950617283951,1.0,0.11987969792800048,1.0,1.0,0.0,1.0,0.7037037037037037
6,27,0.3,0.02,4,0.1,weighted,True,0.08,C_deep,92,0.8730072463768116,1.0,0.21312034914384936,0.75,1.0,0.25,1.0,0.989855072463768,1.0,0.07122495797269404,1.0,1.0,0.4,1.0,0.8831521739130435,1.0,0.206746625280364,0.75,1.0,0.25,1.0,0.6739130434782609
7,64,0.3,0.02,4,0.1,mean,True,0.3,A_default,84,0.8660714285714286,1.0,0.19746462629636471,0.6666666666666666,1.0,0.3333333333333333,1.0,0.9305555555555555,1.0,0.1535138045093076,1.0,1.0,0.5,1.0,0.9355158730158729,1.0,0.15649225021346128,1.0,1.0,0.3333333333333333,1.0,0.6547619047619048
7,64,0.3,0.02,4,0.1,mean,True,0.3,B_weak_signal,81,0.8888888888888888,1.0,0.18957188610128875,0.75,1.0,0.25,1.0,0.9012345679012346,1.0,0.1882444070619987,1.0,1.0,0.25,1.0,0.9876543209876543,1.0,0.05450393575096829,1.0,1.0,0.75,1.0,0.7037037037037037
7,64,0.3,0.02,4,0.1,mean,True,0.3,C_deep,92,0.8572463768115941,1.0,0.21639606020150445,0.75,1.0,0.25,1.0,0.9659420289855072,1.0,0.10848926629098239,1.0,1.0,0.4,1.0,0.8913043478260869,1.0,0.2062585812159364,0.75,1.0,0.25,1.0,0.6304347826086957
8,26,0.3,0.02,4,0.1,weighted,True,0.05,A_default,84,0.864484126984127,1.0,0.21536960792577994,0.7291666666666666,1.0,0.3333333333333333,1.0,0.923015873015873,1.0,0.17826894761408152,1.0,1.0,0.4,1.0,0.941468253968254,1.0,0.15402876275711064,1.0,1.0,0.3333333333333333,1.0,0.6904761904761905
8,26,0.3,0.02,4,0.1,weighted,True,0.05,B_weak_signal,81,0.8689300411522632,1.0,0.21935437282606188,0.75,1.0,0.25,1.0,0.8781893004115225,1.0,0.21941592250963568,0.75,1.0,0.25,1.0,0.9907407407407407,1.0,0.04750730937913074,1.0,1.0,0.75,1.0,0.7037037037037037
8,26,0.3,0.02,4,0.1,weighted,True,0.05,C_deep,92,0.8711956521739131,1.0,0.21452311397090784,0.75,1.0,0.25,1.0,0.982608695652174,1.0,0.0855176382023102,1.0,1.0,0.4,1.0,0.8885869565217391,1.0,0.20645755324811818,0.75,1.0,0.25,1.0,0.6739130434782609
9,76,0.3,0.02,4,0.1,harmonic,True,0.1,A_default,84,0.8666666666666666,1.0,0.207506390927532,0.7291666666666666,1.0,0.3333333333333333,1.0,0.9251984126984127,1.0,0.1679168781351185,1.0,1.0,0.4,1.0,0.941468253968254,1.0,0.15402876275711064,1.0,1.0,0.3333333333333333,1.0,0.6785714285714286
9,76,0.3,0.02,4,0.1,harmonic,True,0.1,B_weak_signal,81,0.8617283950617284,1.0,0.21462895056294967,0.75,1.0,0.25,1.0,0.8709876543209876,1.0,0.21500610097574005,0.75,1.0,0.25,1.0,0.9907407407407407,1.0,0.04750730937913074,1.0,1.0,0.75,1.0,0.6666666666666666
9,76,0.3,0.02,4,0.1,harmonic,True,0.1,C_deep,92,0.8702898550724637,1.0,0.21521528658180655,0.75,1.0,0.25,1.0,0.9789855072463768,1.0,0.09161652192284568,1.0,1.0,0.4,1.0,0.8913043478260869,1.0,0.20625858121593638,0.75,1.0,0.25,1.0,0.6739130434782609
10,80,0.3,0.02,4,0.1,harmonic,True,0.3,A_default,84,0.8938492063492065,1.0,0.21230203412624585,1.0,1.0,0.0,1.0,0.9841269841269842,1.0,0.11459447041618082,1.0,1.0,0.0,1.0,0.8978174603174602,1.0,0.21111642679340029,1.0,1.0,0.0,1.0,0.7619047619047619
10,80,0.3,0.02,4,0.1,harmonic,True,0.3,B_weak_signal,81,0.8742798353909464,1.0,0.2949935190285737,1.0,1.0,0.0,1.0,0.8917695473251027,1.0,0.29333005983957217,1.0,1.0,0.0,1.0,0.896090534979424,1.0,0.2858135513676786,1.0,1.0,0.0,1.0,0.8024691358024691
10,80,0.3,0.02,4,0.1,harmonic,True,0.3,C_deep,92,0.8288043478260869,1.0,0.27634788180074854,0.75,1.0,0.0,1.0,0.9565217391304348,1.0,0.20504855915155562,1.0,1.0,0.0,1.0,0.8288043478260869,1.0,0.27634788180074854,0.75,1.0,0.0,1.0,0.6304347826086957
11,17,0.3,0.02,4,0.1,weighted,False,0.02,A_default,84,0.8476190476190476,1.0,0.22342926155863047,0.6666666666666666,1.0,0.3333333333333333,1.0,0.926984126984127,1.0,0.17619176835570477,1.0,1.0,0.4,1.0,0.9206349206349206,1.0,0.17494728690927056,1.0,1.0,0.3333333333333333,1.0,0.6547619047619048
11,17,0.3,0.02,4,0.1,weighted,False,0.02,B_weak_signal,81,0.8905349794238682,1.0,0.20067487302580553,1.0,1.0,0.4,1.0,0.9059670781893003,1.0,0.19488794219683633,1.0,1.0,0.4,1.0,0.9845679012345679,1.0,0.07230230602677983,1.0,1.0,0.5,1.0,0.7530864197530864
11,17,0.3,0.02,4,0.1,weighted,False,0.02,C_deep,92,0.8476449275362318,1.0,0.2246497955880398,0.75,1.0,0.25,1.0,0.986231884057971,1.0,0.07878072285374652,1.0,1.0,0.4,1.0,0.8614130434782609,1.0,0.2193609509181273,0.75,1.0,0.25,1.0,0.6195652173913043
12,66,0.3,0.02,4,0.1,harmonic,False,0.05,A_default,84,0.8374999999999999,1.0,0.22756606055017067,0.6666666666666666,1.0,0.3333333333333333,1.0,0.9228174603174603,1.0,0.18024562599072105,1.0,1.0,0.4,1.0,0.9146825396825397,1.0,0.18062817581324964,1.0,1.0,0.3333333333333333,1.0,0.6309523809523809
12,66,0.3,0.02,4,0.1,harmonic,False,0.05,B_weak_signal,81,0.8831275720164609,1.0,0.20374094777370025,0.75,1.0,0.4,1.0,0.9016460905349793,1.0,0.1982318532095338,1.0,1.0,0.4,1.0,0.9814814814814815,1.0,0.07682953714410738,1.0,1.0,0.5,1.0,0.7283950617283951
12,66,0.3,0.02,4,0.1,harmonic,False,0.05,C_deep,92,0.8476449275362318,1.0,0.2246497955880398,0.75,1.0,0.25,1.0,0.986231884057971,1.0,0.07878072285374652,1.0,1.0,0.4,1.0,0.8614130434782609,1.0,0.2193609509181273,0.75,1.0,0.25,1.0,0.6195652173913043
13,75,0.3,0.02,4,0.1,harmonic,True,0.08,A_default,84,0.8531746031746033,1.0,0.2226389762030454,0.6666666666666666,1.0,0.3333333333333333,1.0,0.9117063492063493,1.0,0.19053542120289235,1.0,1.0,0.4,1.0,0.941468253968254,1.0,0.15402876275711064,1.0,1.0,0.3333333333333333,1.0,0.6666666666666666
13,75,0.3,0.02,4,0.1,harmonic,True,0.08,B_weak_signal,81,0.8506172839506173,1.0,0.2313823861964763,0.75,1.0,0.25,1.0,0.8598765432098766,1.0,0.23218134940676366,0.75,1.0,0.25,1.0,0.9907407407407407,1.0,0.04750730937913074,1.0,1.0,0.75,1.0,0.6666666666666666
13,75,0.3,0.02,4,0.1,harmonic,True,0.08,C_deep,92,0.8539855072463768,1.0,0.22363914283979536,0.75,1.0,0.25,1.0,0.9626811594202899,1.0,0.1251950752604073,1.0,1.0,0.4,1.0,0.8913043478260869,1.0,0.20625858121593638,0.75,1.0,0.25,1.0,0.6413043478260869
14,30,0.3,0.02,4,0.1,weighted,True,0.2,A_default,84,0.8670634920634922,1.0,0.21181589133916076,0.75,1.0,0.3333333333333333,1.0,0.9761904761904762,1.0,0.09729561746183922,1.0,1.0,0.5,1.0,0.890873015873016,1.0,0.2016399425006823,0.9375,1.0,0.3333333333333333,1.0,0.6904761904761905
14,30,0.3,0.02,4,0.1,weighted,True,0.2,B_weak_signal,81,0.8742798353909464,1.0,0.2279292254723317,0.75,1.0,0.0,1.0,0.9442386831275719,1.0,0.16681577691979643,1.0,1.0,0.0,1.0,0.9176954732510287,1.0,0.20644722353243794,1.0,1.0,0.0,1.0,0.7160493827160493
14,30,0.3,0.02,4,0.1,weighted,True,0.2,C_deep,92,0.8034420289855071,1.0,0.25032991715035224,0.75,1.0,0.25,1.0,0.9945652173913043,1.0,0.05212860351426867,1.0,1.0,0.5,1.0,0.8088768115942028,1.0,0.24909422099639425,0.75,1.0,0.25,1.0,0.532608695652174
15,63,0.3,0.02,4,0.1,mean,True,0.25,A_default,84,0.8402777777777777,1.0,0.20746136127298623,0.6666666666666666,1.0,0.3333333333333333,1.0,0.9047619047619048,1.0,0.1760143946546573,1.0,1.0,0.5,1.0,0.9355158730158729,1.0,0.15649225021346128,1.0,1.0,0.3333333333333333,1.0,0.5952380952380952
15,63,0.3,0.02,4,0.1,mean,True,0.25,B_weak_signal,81,0.8639917695473249,1.0,0.2195079217458693,0.75,1.0,0.25,1.0,0.8763374485596707,1.0,0.21978310326968545,0.75,1.0,0.25,1.0,0.9876543209876543,1.0,0.05450393575096829,1.0,1.0,0.75,1.0,0.6790123456790124
15,63,0.3,0.02,4,0.1,mean,True,0.25,C_deep,92,0.8355072463768115,1.0,0.22998934772943966,0.75,1.0,0.25,1.0,0.9442028985507246,1.0,0.15038482956542873,1.0,1.0,0.4,1.0,0.8913043478260869,1.0,0.2062585812159364,0.75,1.0,0.25,1.0,0.5978260869565217
16,65,0.3,0.02,4,0.1,harmonic,False,0.02,A_default,84,0.813888888888889,1.0,0.24161761492682457,0.5,1.0,0.3333333333333333,1.0,0.8724206349206349,1.0,0.2230897497943677,0.7291666666666666,1.0,0.4,1.0,0.941468253968254,1.0,0.15402876275711064,1.0,1.0,0.3333333333333333,1.0,0.5952380952380952
16,65,0.3,0.02,4,0.1,harmonic,False,0.02,B_weak_signal,81,0.8604938271604938,1.0,0.22663670825985843,0.75,1.0,0.3333333333333333,1.0,0.8697530864197531,1.0,0.22704489141147702,0.75,1.0,0.3333333333333333,1.0,0.9907407407407407,1.0,0.04750730937913074,1.0,1.0,0.75,1.0,0.691358024691358
16,65,0.3,0.02,4,0.1,harmonic,False,0.02,C_deep,92,0.856521739130435,1.0,0.22526549959938982,0.75,1.0,0.25,1.0,0.9652173913043478,1.0,0.1258827723249353,1.0,1.0,0.4,1.0,0.8913043478260869,1.0,0.20625858121593638,0.75,1.0,0.25,1.0,0.6521739130434783
17,51,0.3,0.02,4,0.1,mean,False,0.08,A_default,84,0.7956349206349207,1.0,0.23248726480673357,0.5,1.0,0.3333333333333333,1.0,0.8809523809523809,1.0,0.20853833860698506,0.6666666666666666,1.0,0.4,1.0,0.9146825396825397,1.0,0.17641007284516574,1.0,1.0,0.3333333333333333,1.0,0.5238095238095238
17,51,0.3,0.02,4,0.1,mean,False,0.08,B_weak_signal,81,0.8823045267489712,1.0,0.20668255448023334,0.75,1.0,0.25,1.0,0.8946502057613169,1.0,0.20586584022148022,1.0,1.0,0.25,1.0,0.9876543209876543,1.0,0.05450393575096829,1.0,1.0,0.75,1.0,0.7283950617283951
17,51,0.3,0.02,4,0.1,mean,False,0.08,C_deep,92,0.8458333333333333,1.0,0.22979559053866422,0.75,1.0,0.25,1.0,0.9681159420289854,1.0,0.12303776517813869,1.0,1.0,0.4,1.0,0.8777173913043478,1.0,0.2134271367419847,0.75,1.0,0.25,1.0,0.6304347826086957
18,52,0.3,0.02,4,0.1,mean,False,0.1,A_default,84,0.8119047619047619,1.0,0.22841300208590826,0.5,1.0,0.3333333333333333,1.0,0.9031746031746033,1.0,0.19233080658026128,1.0,1.0,0.4,1.0,0.9087301587301587,1.0,0.181848241863327,1.0,1.0,0.3333333333333333,1.0,0.5595238095238095
18,52,0.3,0.02,4,0.1,mean,False,0.1,B_weak_signal,81,0.8835390946502057,1.0,0.2040474792780486,0.75,1.0,0.25,1.0,0.9020576131687242,1.0,0.19850802383813285,1.0,1.0,0.25,1.0,0.9814814814814815,1.0,0.07682953714410738,1.0,1.0,0.5,1.0,0.7283950617283951
18,52,0.3,0.02,4,0.1,mean,False,0.1,C_deep,92,0.8277173913043478,1.0,0.23789724408205712,0.75,1.0,0.25,1.0,0.9717391304347827,1.0,0.11890164645161931,1.0,1.0,0.4,1.0,0.8559782608695652,1.0,0.2251384260350247,0.75,1.0,0.25,1.0,0.5978260869565217
19,67,0.3,0.02,4,0.1,harmonic,False,0.08,A_default,84,0.8222222222222222,1.0,0.23240396288232523,0.5,1.0,0.3333333333333333,1.0,0.9501984126984127,1.0,0.14136204072176425,1.0,1.0,0.4,1.0,0.8720238095238095,1.0,0.21663053010799496,0.75,1.0,0.3333333333333333,1.0,0.5952380952380952
19,67,0.3,0.02,4,0.1,harmonic,False,0.08,B_weak_signal,81,0.8858024691358025,1.0,0.2241668387717913,0.75,1.0,0.0,1.0,0.9156378600823046,1.0,0.20895483428463452,1.0,1.0,0.0,1.0,0.9454732510288065,1.0,0.1859475050189459,1.0,1.0,0.0,1.0,0.7407407407407407
19,67,0.3,0.02,4,0.1,harmonic,False,0.08,C_deep,92,0.81231884057971,1.0,0.24911160300604815,0.75,1.0,0.25,1.0,0.9934782608695653,1.0,0.06255432421712241,1.0,1.0,0.4,1.0,0.8188405797101449,1.0,0.24603345850996716,0.75,1.0,0.25,1.0,0.5652173913043478
20,25,0.3,0.02,4,0.1,weighted,True,0.02,A_default,84,0.8172619047619049,1.0,0.23214624061555952,0.6666666666666666,1.0,0.3333333333333333,1.0,0.8757936507936508,1.0,0.21185425962672158,0.6666666666666666,1.0,0.4,1.0,0.941468253968254,1.0,0.15402876275711064,1.0,1.0,0.3333333333333333,1.0,0.5833333333333334
20,25,0.3,0.02,4,0.1,weighted,True,0.02,B_weak_signal,81,0.8524691358024691,1.0,0.2386319677859249,0.75,1.0,0.25,1.0,0.8617283950617284,1.0,0.23933421025321652,0.75,1.0,0.25,1.0,0.9907407407407407,1.0,0.04750730937913074,1.0,1.0,0.75,1.0,0.691358024691358
20,25,0.3,0.02,4,0.1,weighted,True,0.02,C_deep,92,0.8403985507246376,1.0,0.22803018157629978,0.75,1.0,0.25,1.0,0.9518115942028985,1.0,0.14222753704500998,1.0,1.0,0.4,1.0,0.8885869565217391,1.0,0.20645755324811818,0.75,1.0,0.25,1.0,0.6086956521739131
21,74,0.3,0.02,4,0.1,harmonic,True,0.05,A_default,84,0.8091269841269841,1.0,0.23715184108277032,0.5,1.0,0.3333333333333333,1.0,0.8676587301587301,1.0,0.21953387382558698,0.6666666666666666,1.0,0.4,1.0,0.941468253968254,1.0,0.15402876275711064,1.0,1.0,0.3333333333333333,1.0,0.5714285714285714
21,74,0.3,0.02,4,0.1,harmonic,True,0.05,B_weak_signal,81,0.839917695473251,1.0,0.2418487677756965,0.75,1.0,0.25,1.0,0.8491769547325103,1.0,0.24302636509017647,0.75,1.0,0.25,1.0,0.9907407407407407,1.0,0.04750730937913074,1.0,1.0,0.75,1.0,0.654320987654321
21,74,0.3,0.02,4,0.1,harmonic,True,0.05,C_deep,92,0.8449275362318839,1.0,0.2263305406188435,0.75,1.0,0.25,1.0,0.9536231884057971,1.0,0.1373885626116188,1.0,1.0,0.4,1.0,0.8913043478260869,1.0,0.20625858121593638,0.75,1.0,0.25,1.0,0.6195652173913043
22,36,0.3,0.02,4,0.1,min,False,0.1,A_default,84,0.7928571428571428,1.0,0.23110359925712207,0.5,1.0,0.3333333333333333,1.0,0.8781746031746032,1.0,0.2117368759136236,0.6666666666666666,1.0,0.4,1.0,0.9146825396825397,1.0,0.1720886100381171,1.0,1.0,0.3333333333333333,1.0,0.5119047619047619
22,36,0.3,0.02,4,0.1,min,False,0.1,B_weak_signal,81,0.8701646090534981,1.0,0.20796160251525594,0.75,1.0,0.3333333333333333,1.0,0.9010288065843624,1.0,0.19864725994090676,1.0,1.0,0.3333333333333333,1.0,0.9691358024691358,1.0,0.09986487784581972,1.0,1.0,0.5,1.0,0.691358024691358
22,36,0.3,0.02,4,0.1,min,False,0.1,C_deep,92,0.8231884057971013,1.0,0.21920820609059094,0.75,1.0,0.25,1.0,0.9590579710144926,1.0,0.12887256588806253,1.0,1.0,0.4,1.0,0.8641304347826086,1.0,0.2066202060296515,0.75,1.0,0.25,1.0,0.5217391304347826
23,5,0.3,0.02,4,0.1,max,False,0.15,A_default,84,0.8180555555555558,1.0,0.24135949642586824,0.625,1.0,0.0,1.0,0.9073412698412698,1.0,0.2005739954408256,1.0,1.0,0.0,1.0,0.8988095238095238,1.0,0.21100552462180175,1.0,1.0,0.0,1.0,0.5952380952380952
23,5,0.3,0.02,4,0.1,max,False,0.15,B_weak_signal,81,0.8409465020576131,1.0,0.2582667842065971,0.6666666666666666,1.0,0.0,1.0,0.8502057613168723,1.0,0.25630241777104096,0.75,1.0,0.0,1.0,0.9537037037037037,1.0,0.19808107206674522,1.0,1.0,0.0,1.0,0.654320987654321
23,5,0.3,0.02,4,0.1,max,False,0.15,C_deep,92,0.8268115942028985,1.0,0.23275643651846908,0.75,1.0,0.25,1.0,0.9545289855072463,1.0,0.12195255339694196,1.0,1.0,0.5,1.0,0.8722826086956522,1.0,0.22593284000425287,0.75,1.0,0.25,1.0,0.5760869565217391
24,53,0.3,0.02,4,0.1,mean,False,0.15,A_default,84,0.7817460317460316,0.875,0.23708429478872878,0.5,1.0,0.3333333333333333,1.0,0.9384920634920635,1.0,0.1481247391781704,1.0,1.0,0.5,1.0,0.8432539682539681,1.0,0.23191073860470768,0.6875,1.0,0.3333333333333333,1.0,0.5
24,53,0.3,0.02,4,0.1,mean,False,0.15,B_weak_signal,81,0.8981481481481481,1.0,0.18352262954621032,0.75,1.0,0.3333333333333333,1.0,0.9526748971193415,1.0,0.12972879804624726,1.0,1.0,0.5,1.0,0.9454732510288065,1.0,0.1485815419989001,1.0,1.0,0.3333333333333333,1.0,0.7407407407407407
24,53,0.3,0.02,4,0.1,mean,False,0.15,C_deep,92,0.8050724637681159,1.0,0.24838598810501258,0.7291666666666666,1.0,0.25,1.0,0.986231884057971,1.0,0.07878072285374652,1.0,1.0,0.4,1.0,0.8188405797101449,1.0,0.24603345850996716,0.75,1.0,0.25,1.0,0.5434782608695652
25,62,0.3,0.02,4,0.1,mean,True,0.2,A_default,84,0.8049603174603176,1.0,0.22149818100710494,0.6666666666666666,1.0,0.3333333333333333,1.0,0.8694444444444445,1.0,0.20399020459285513,0.6666666666666666,1.0,0.4,1.0,0.9355158730158729,1.0,0.15649225021346128,1.0,1.0,0.3333333333333333,1.0,0.5238095238095238
25,62,0.3,0.02,4,0.1,mean,True,0.2,B_weak_signal,81,0.8473251028806583,1.0,0.22741690775184875,0.75,1.0,0.25,1.0,0.859670781893004,1.0,0.22859571599603987,0.75,1.0,0.25,1.0,0.9876543209876543,1.0,0.05450393575096829,1.0,1.0,0.75,1.0,0.6419753086419753
25,62,0.3,0.02,4,0.1,mean,True,0.2,C_deep,92,0.8326086956521739,1.0,0.23378962506497922,0.75,1.0,0.25,1.0,0.9413043478260869,1.0,0.15816172039320542,1.0,1.0,0.4,1.0,0.8913043478260869,1.0,0.2062585812159364,0.75,1.0,0.25,1.0,0.5978260869565217
26,50,0.3,0.02,4,0.1,mean,False,0.05,A_default,84,0.7875000000000001,1.0,0.2440438408394552,0.5,1.0,0.3333333333333333,1.0,0.851984126984127,1.0,0.23321001850325007,0.625,1.0,0.4,1.0,0.9355158730158729,1.0,0.15649225021346128,1.0,1.0,0.3333333333333333,1.0,0.5357142857142857
26,50,0.3,0.02,4,0.1,mean,False,0.05,B_weak_signal,81,0.8545267489711934,1.0,0.22044797108638642,0.75,1.0,0.25,1.0,0.8668724279835391,1.0,0.22125735749160996,0.75,1.0,0.25,1.0,0.9876543209876543,1.0,0.05450393575096829,1.0,1.0,0.75,1.0,0.654320987654321
26,50,0.3,0.02,4,0.1,mean,False,0.05,C_deep,92,0.8326086956521739,1.0,0.23378962506497922,0.75,1.0,0.25,1.0,0.9413043478260871,1.0,0.15816172039320542,1.0,1.0,0.4,1.0,0.8913043478260869,1.0,0.2062585812159364,0.75,1.0,0.25,1.0,0.5978260869565217
27,68,0.3,0.02,4,0.1,harmonic,False,0.1,A_default,84,0.8142857142857144,1.0,0.23758522542091212,0.5,1.0,0.3333333333333333,1.0,0.965079365079365,1.0,0.12034141101444164,1.0,1.0,0.4,1.0,0.8492063492063492,1.0,0.2293974524213555,0.75,1.0,0.3333333333333333,1.0,0.5833333333333334
27,68,0.3,0.02,4,0.1,harmonic,False,0.1,B_weak_signal,81,0.8662551440329217,1.0,0.25640375209382466,0.75,1.0,0.0,1.0,0.9331275720164608,1.0,0.20933913585310718,1.0,1.0,0.0,1.0,0.8960905349794238,1.0,0.24914118605692057,1.0,1.0,0.0,1.0,0.7283950617283951
27,68,0.3,0.02,4,0.1,harmonic,False,0.1,C_deep,92,0.7896739130434781,1.0,0.2592588571564491,0.7291666666666666,1.0,0.0,1.0,0.982608695652174,1.0,0.12099286660670767,1.0,1.0,0.0,1.0,0.7961956521739131,1.0,0.2568844903789447,0.75,1.0,0.0,1.0,0.5108695652173914
28,48,0.3,0.02,4,0.1,min,True,0.3,A_default,84,0.8011904761904763,0.875,0.21714938063295325,0.6666666666666666,1.0,0.3333333333333333,1.0,0.8746031746031746,1.0,0.2007095210760489,0.6666666666666666,1.0,0.4,1.0,0.9265873015873015,1.0,0.15969597637471883,1.0,1.0,0.3333333333333333,1.0,0.5
28,48,0.3,0.02,4,0.1,min,True,0.3,B_weak_signal,81,0.8483539094650207,1.0,0.2238800047252435,0.6666666666666666,1.0,0.25,1.0,0.8637860082304527,1.0,0.22519729195037685,0.6666666666666666,1.0,0.25,1.0,0.9845679012345679,1.0,0.06054026310473159,1.0,1.0,0.75,1.0,0.6419753086419753
28,48,0.3,0.02,4,0.1,min,True,0.3,C_deep,92,0.818659420289855,1.0,0.22665538637230137,0.75,1.0,0.25,1.0,0.9463768115942028,1.0,0.14972147700777685,1.0,1.0,0.4,1.0,0.8722826086956522,1.0,0.20689100983520062,0.75,1.0,0.25,1.0,0.532608695652174
29,61,0.3,0.02,4,0.1,mean,True,0.15,A_default,84,0.7926587301587301,1.0,0.23466845777993936,0.5,1.0,0.3333333333333333,1.0,0.8571428571428571,1.0,0.22186814399967125,0.6666666666666666,1.0,0.4,1.0,0.9355158730158729,1.0,0.15649225021346128,1.0,1.0,0.3333333333333333,1.0,0.5238095238095238
29,61,0.3,0.02,4,0.1,mean,True,0.15,B_weak_signal,81,0.8452674897119342,1.0,0.2298132479726932,0.75,1.0,0.25,1.0,0.8576131687242798,1.0,0.23109115239079556,0.75,1.0,0.25,1.0,0.9876543209876543,1.0,0.05450393575096829,1.0,1.0,0.75,1.0,0.6419753086419753
29,61,0.3,0.02,4,0.1,mean,True,0.15,C_deep,92,0.8289855072463768,1.0,0.23763524605193215,0.75,1.0,0.25,1.0,0.9376811594202898,1.0,0.16620576500232626,1.0,1.0,0.4,1.0,0.8913043478260869,1.0,0.2062585812159364,0.75,1.0,0.25,1.0,0.5978260869565217
30,35,0.3,0.02,4,0.1,min,False,0.08,A_default,84,0.7904761904761906,1.0,0.23463899917741293,0.5,1.0,0.3333333333333333,1.0,0.8638888888888888,1.0,0.223109840420495,0.6666666666666666,1.0,0.4,1.0,0.9265873015873015,1.0,0.15969597637471883,1.0,1.0,0.3333333333333333,1.0,0.5119047619047619
30,35,0.3,0.02,4,0.1,min,False,0.08,B_weak_signal,81,0.8584362139917695,1.0,0.21665261904445168,0.75,1.0,0.3333333333333333,1.0,0.8738683127572017,1.0,0.2172897814172761,0.75,1.0,0.3333333333333333,1.0,0.9845679012345679,1.0,0.06054026310473159,1.0,1.0,0.75,1.0,0.6666666666666666
30,35,0.3,0.02,4,0.1,min,False,0.08,C_deep,92,0.8168478260869564,1.0,0.2285417829456984,0.75,1.0,0.25,1.0,0.9445652173913044,1.0,0.15408774230933767,1.0,1.0,0.4,1.0,0.8722826086956522,1.0,0.20689100983520062,0.75,1.0,0.25,1.0,0.532608695652174
31,37,0.3,0.02,4,0.1,min,False,0.15,A_default,84,0.7982142857142857,1.0,0.2252028366863051,0.5,1.0,0.3333333333333333,1.0,0.9162698412698413,1.0,0.17898225197655304,1.0,1.0,0.4,1.0,0.8819444444444444,1.0,0.196696416192043,0.75,1.0,0.3333333333333333,1.0,0.5119047619047619
31,37,0.3,0.02,4,0.1,min,False,0.15,B_weak_signal,81,0.8691358024691359,1.0,0.21001175746039777,0.75,1.0,0.3333333333333333,1.0,0.929835390946502,1.0,0.17265725620637354,1.0,1.0,0.4,1.0,0.9393004115226337,1.0,0.15138959678167263,1.0,1.0,0.3333333333333333,1.0,0.691358024691358
31,37,0.3,0.02,4,0.1,min,False,0.15,C_deep,92,0.7923913043478261,0.75,0.23809137598396565,0.75,1.0,0.25,1.0,0.9789855072463768,1.0,0.10111918176459446,1.0,1.0,0.4,1.0,0.8134057971014492,1.0,0.23321869410976392,0.75,1.0,0.25,1.0,0.4782608695652174
32,6,0.3,0.02,4,0.1,max,False,0.2,A_default,84,0.7964285714285715,1.0,0.2683315426687169,0.5,1.0,0.0,1.0,0.9124999999999999,1.0,0.22484376548061547,1.0,1.0,0.0,1.0,0.8482142857142857,1.0,0.2616626103737843,0.75,1.0,0.0,1.0,0.5714285714285714
32,6,0.3,0.02,4,0.1,max,False,0.2,B_weak_signal,81,0.8386831275720165,1.0,0.29224736431296316,0.75,1.0,0.0,1.0,0.8572016460905351,1.0,0.28861424504293093,0.8,1.0,0.0,1.0,0.9074074074074074,1.0,0.272271820878409,1.0,1.0,0.0,1.0,0.691358024691358
32,6,0.3,0.02,4,0.1,max,False,0.2,C_deep,92,0.8204710144927536,1.0,0.25088492053300465,0.75,1.0,0.0,1.0,0.9634057971014492,1.0,0.13420591604892929,1.0,1.0,0.0,1.0,0.845108695652174,1.0,0.2500248832973971,0.75,1.0,0.0,1.0,0.5869565217391305
33,73,0.3,0.02,4,0.1,harmonic,True,0.02,A_default,84,0.7831349206349206,1.0,0.24490106801848244,0.5,1.0,0.3333333333333333,1.0,0.8416666666666667,1.0,0.23454219270878013,0.6666666666666666,1.0,0.4,1.0,0.941468253968254,1.0,0.15402876275711064,1.0,1.0,0.3333333333333333,1.0,0.5238095238095238
33,73,0.3,0.02,4,0.1,harmonic,True,0.02,B_weak_signal,81,0.8358024691358025,1.0,0.24192674383522805,0.75,1.0,0.25,1.0,0.8450617283950618,1.0,0.24326261021962292,0.75,1.0,0.25,1.0,0.9907407407407407,1.0,0.04750730937913074,1.0,1.0,0.75,1.0,0.6419753086419753
33,73,0.3,0.02,4,0.1,harmonic,True,0.02,C_deep,92,0.8336956521739131,1.0,0.23620651573596946,0.75,1.0,0.25,1.0,0.9423913043478261,1.0,0.16097256767102375,1.0,1.0,0.4,1.0,0.8913043478260869,1.0,0.20625858121593638,0.75,1.0,0.25,1.0,0.6086956521739131
34,47,0.3,0.02,4,0.1,min,True,0.25,A_default,84,0.7948412698412698,0.875,0.22484527166014923,0.625,1.0,0.3333333333333333,1.0,0.8682539682539683,1.0,0.2112565049752815,0.6666666666666666,1.0,0.4,1.0,0.9265873015873015,1.0,0.15969597637471883,1.0,1.0,0.3333333333333333,1.0,0.5
34,47,0.3,0.02,4,0.1,min,True,0.25,B_weak_signal,81,0.8450617283950618,1.0,0.22849818325992532,0.6666666666666666,1.0,0.25,1.0,0.8604938271604938,1.0,0.23001274790222143,0.6666666666666666,1.0,0.25,1.0,0.9845679012345679,1.0,0.06054026310473159,1.0,1.0,0.75,1.0,0.6419753086419753
34,47,0.3,0.02,4,0.1,min,True,0.25,C_deep,92,0.8121376811594203,1.0,0.2339356858914728,0.75,1.0,0.25,1.0,0.9398550724637681,1.0,0.1656923263738077,1.0,1.0,0.4,1.0,0.8722826086956522,1.0,0.20689100983520062,0.75,1.0,0.25,1.0,0.532608695652174
35,16,0.3,0.02,4,0.1,max,True,0.3,A_default,84,0.8103174603174603,1.0,0.2361690107088038,0.6666666666666666,1.0,0.0,1.0,0.8718253968253968,1.0,0.2147346076986238,0.6666666666666666,1.0,0.0,1.0,0.9265873015873015,1.0,0.18985513831596326,1.0,1.0,0.0,1.0,0.5595238095238095
35,16,0.3,0.02,4,0.1,max,True,0.3,B_weak_signal,81,0.8059670781893004,1.0,0.2768913325001659,0.6666666666666666,1.0,0.0,1.0,0.8090534979423868,1.0,0.27765197768664623,0.6666666666666666,1.0,0.0,1.0,0.9598765432098766,1.0,0.1914451215568086,1.0,1.0,0.0,1.0,0.5925925925925926
35,16,0.3,0.02,4,0.1,max,True,0.3,C_deep,92,0.8356884057971016,1.0,0.23119878598966742,0.75,1.0,0.25,1.0,0.9335144927536233,1.0,0.15664941385045472,1.0,1.0,0.4,1.0,0.9021739130434783,1.0,0.20509709709972077,1.0,1.0,0.25,1.0,0.5978260869565217
36,54,0.3,0.02,4,0.1,mean,False,0.2,A_default,84,0.8085317460317459,1.0,0.2313237334619561,0.5,1.0,0.3333333333333333,1.0,0.9801587301587301,1.0,0.07934117061943514,1.0,1.0,0.6666666666666666,1.0,0.8283730158730158,1.0,0.23261190483819805,0.5,1.0,0.3333333333333333,1.0,0.5476190476190477
36,54,0.3,0.02,4,0.1,mean,False,0.2,B_weak_signal,81,0.8652263374485596,1.0,0.25432641879613693,0.75,1.0,0.0,1.0,0.9465020576131686,1.0,0.2003939877913894,1.0,1.0,0.0,1.0,0.8816872427983538,1.0,0.25168329054189764,1.0,1.0,0.0,1.0,0.7283950617283951
36,54,0.3,0.02,4,0.1,mean,False,0.2,C_deep,92,0.7780797101449275,0.875,0.26762567195988235,0.5,1.0,0.0,1.0,0.9891304347826086,1.0,0.10425720702853734,1.0,1.0,0.0,1.0,0.7780797101449275,0.875,0.26762567195988235,0.5,1.0,0.0,1.0,0.5
37,49,0.3,0.02,4,0.1,mean,False,0.02,A_default,84,0.777579365079365,1.0,0.2440111872204811,0.5,1.0,0.3333333333333333,1.0,0.8420634920634921,1.0,0.23593608870835034,0.5,1.0,0.4,1.0,0.9355158730158729,1.0,0.15649225021346128,1.0,1.0,0.3333333333333333,1.0,0.5119047619047619
37,49,0.3,0.02,4,0.1,mean,False,0.02,B_weak_signal,81,0.8452674897119342,1.0,0.2298132479726932,0.75,1.0,0.25,1.0,0.8576131687242798,1.0,0.23109115239079556,0.75,1.0,0.25,1.0,0.9876543209876543,1.0,0.05450393575096829,1.0,1.0,0.75,1.0,0.6419753086419753
37,49,0.3,0.02,4,0.1,mean,False,0.02,C_deep,92,0.8278985507246377,1.0,0.23937888563782608,0.75,1.0,0.25,1.0,0.9365942028985508,1.0,0.16939595209535832,1.0,1.0,0.4,1.0,0.8913043478260869,1.0,0.2062585812159364,0.75,1.0,0.25,1.0,0.5978260869565217
38,60,0.3,0.02,4,0.1,mean,True,0.1,A_default,84,0.777579365079365,1.0,0.24401118722048107,0.5,1.0,0.3333333333333333,1.0,0.8420634920634921,1.0,0.23593608870835034,0.5,1.0,0.4,1.0,0.9355158730158729,1.0,0.15649225021346128,1.0,1.0,0.3333333333333333,1.0,0.5119047619047619
38,60,0.3,0.02,4,0.1,mean,True,0.1,B_weak_signal,81,0.8452674897119342,1.0,0.2298132479726932,0.75,1.0,0.25,1.0,0.8576131687242798,1.0,0.23109115239079556,0.75,1.0,0.25,1.0,0.9876543209876543,1.0,0.05450393575096829,1.0,1.0,0.75,1.0,0.6419753086419753
38,60,0.3,0.02,4,0.1,mean,True,0.1,C_deep,92,0.8278985507246377,1.0,0.23937888563782608,0.75,1.0,0.25,1.0,0.9365942028985508,1.0,0.16939595209535832,1.0,1.0,0.4,1.0,0.8913043478260869,1.0,0.2062585812159364,0.75,1.0,0.25,1.0,0.5978260869565217
39,58,0.3,0.02,4,0.1,mean,True,0.05,A_default,84,0.7755952380952381,1.0,0.2455963758755048,0.5,1.0,0.3333333333333333,1.0,0.840079365079365,1.0,0.23811957228870292,0.5,1.0,0.4,1.0,0.9355158730158729,1.0,0.15649225021346128,1.0,1.0,0.3333333333333333,1.0,0.5119047619047619
39,58,0.3,0.02,4,0.1,mean,True,0.05,B_weak_signal,81,0.8452674897119342,1.0,0.2298132479726932,0.75,1.0,0.25,1.0,0.8576131687242798,1.0,0.23109115239079556,0.75,1.0,0.25,1.0,0.9876543209876543,1.0,0.05450393575096829,1.0,1.0,0.75,1.0,0.6419753086419753
39,58,0.3,0.02,4,0.1,mean,True,0.05,C_deep,92,0.8278985507246377,1.0,0.23937888563782608,0.75,1.0,0.25,1.0,0.9365942028985508,1.0,0.16939595209535832,1.0,1.0,0.4,1.0,0.8913043478260869,1.0,0.2062585812159364,0.75,1.0,0.25,1.0,0.5978260869565217
40,59,0.3,0.02,4,0.1,mean,True,0.08,A_default,84,0.7755952380952381,1.0,0.2455963758755048,0.5,1.0,0.3333333333333333,1.0,0.840079365079365,1.0,0.23811957228870292,0.5,1.0,0.4,1.0,0.9355158730158729,1.0,0.15649225021346128,1.0,1.0,0.3333333333333333,1.0,0.5119047619047619
40,59,0.3,0.02,4,0.1,mean,True,0.08,B_weak_signal,81,0.8452674897119342,1.0,0.2298132479726932,0.75,1.0,0.25,1.0,0.8576131687242798,1.0,0.23109115239079556,0.75,1.0,0.25,1.0,0.9876543209876543,1.0,0.05450393575096829,1.0,1.0,0.75,1.0,0.6419753086419753
40,59,0.3,0.02,4,0.1,mean,True,0.08,C_deep,92,0.8278985507246377,1.0,0.23937888563782608,0.75,1.0,0.25,1.0,0.9365942028985508,1.0,0.16939595209535832,1.0,1.0,0.4,1.0,0.8913043478260869,1.0,0.2062585812159364,0.75,1.0,0.25,1.0,0.5978260869565217
41,57,0.3,0.02,4,0.1,mean,True,0.02,A_default,84,0.7755952380952381,1.0,0.2455963758755048,0.5,1.0,0.3333333333333333,1.0,0.840079365079365,1.0,0.23811957228870292,0.5,1.0,0.4,1.0,0.9355158730158729,1.0,0.15649225021346128,1.0,1.0,0.3333333333333333,1.0,0.5119047619047619
41,57,0.3,0.02,4,0.1,mean,True,0.02,B_weak_signal,81,0.8452674897119342,1.0,0.2298132479726932,0.75,1.0,0.25,1.0,0.8576131687242798,1.0,0.23109115239079556,0.75,1.0,0.25,1.0,0.9876543209876543,1.0,0.05450393575096829,1.0,1.0,0.75,1.0,0.6419753086419753
41,57,0.3,0.02,4,0.1,mean,True,0.02,C_deep,92,0.8278985507246377,1.0,0.23937888563782608,0.75,1.0,0.25,1.0,0.9365942028985508,1.0,0.16939595209535832,1.0,1.0,0.4,1.0,0.8913043478260869,1.0,0.2062585812159364,0.75,1.0,0.25,1.0,0.5978260869565217
42,15,0.3,0.02,4,0.1,max,True,0.25,A_default,84,0.8057539682539683,1.0,0.24611430132099027,0.5,1.0,0.0,1.0,0.8642857142857142,1.0,0.22675970889157557,0.6666666666666666,1.0,0.0,1.0,0.929563492063492,1.0,0.1890112225207711,1.0,1.0,0.0,1.0,0.5714285714285714
42,15,0.3,0.02,4,0.1,max,True,0.25,B_weak_signal,81,0.8028806584362139,1.0,0.27609366017833903,0.6666666666666666,1.0,0.0,1.0,0.8059670781893004,1.0,0.2768913325001659,0.6666666666666666,1.0,0.0,1.0,0.9598765432098766,1.0,0.1914451215568086,1.0,1.0,0.0,1.0,0.5802469135802469
42,15,0.3,0.02,4,0.1,max,True,0.25,C_deep,92,0.8362318840579711,1.0,0.2310538670372041,0.75,1.0,0.25,1.0,0.9286231884057969,1.0,0.15806225275044422,1.0,1.0,0.4,1.0,0.907608695652174,1.0,0.2042947463024396,1.0,1.0,0.25,1.0,0.5978260869565217
43,3,0.3,0.02,4,0.1,max,False,0.08,A_default,84,0.7767857142857143,1.0,0.25603842500936747,0.5,1.0,0.0,1.0,0.8382936507936508,1.0,0.24508255803649773,0.625,1.0,0.0,1.0,0.9265873015873015,1.0,0.18985513831596326,1.0,1.0,0.0,1.0,0.5238095238095238
43,3,0.3,0.02,4,0.1,max,False,0.08,B_weak_signal,81,0.832304526748971,1.0,0.23141091516998058,0.6666666666666666,1.0,0.25,1.0,0.8353909465020575,1.0,0.23196597445724337,0.6666666666666666,1.0,0.25,1.0,0.9969135802469136,1.0,0.02777777777777778,1.0,1.0,0.75,1.0,0.6049382716049383
43,3,0.3,0.02,4,0.1,max,False,0.08,C_deep,92,0.8284420289855072,1.0,0.2316335001883648,0.75,1.0,0.25,1.0,0.9208333333333334,1.0,0.16342310831737453,1.0,1.0,0.4,1.0,0.907608695652174,1.0,0.2042947463024396,1.0,1.0,0.25,1.0,0.5760869565217391
44,46,0.3,0.02,4,0.1,min,True,0.2,A_default,84,0.7817460317460316,0.75,0.23302646268906993,0.5,1.0,0.3333333333333333,1.0,0.8551587301587301,1.0,0.22432370755881556,0.6666666666666666,1.0,0.4,1.0,0.9265873015873015,1.0,0.15969597637471883,1.0,1.0,0.3333333333333333,1.0,0.4880952380952381
44,46,0.3,0.02,4,0.1,min,True,0.2,B_weak_signal,81,0.8450617283950618,1.0,0.22849818325992532,0.6666666666666666,1.0,0.25,1.0,0.8604938271604938,1.0,0.23001274790222143,0.6666666666666666,1.0,0.25,1.0,0.9845679012345679,1.0,0.06054026310473159,1.0,1.0,0.75,1.0,0.6419753086419753
44,46,0.3,0.02,4,0.1,min,True,0.2,C_deep,92,0.8099637681159421,1.0,0.23730347929553705,0.75,1.0,0.25,1.0,0.9376811594202898,1.0,0.17205341699027799,1.0,1.0,0.4,1.0,0.8722826086956522,1.0,0.20689100983520062,0.75,1.0,0.25,1.0,0.532608695652174
45,4,0.3,0.02,4,0.1,max,False,0.1,A_default,84,0.7738095238095238,1.0,0.25486282257040216,0.5,1.0,0.0,1.0,0.8442460317460316,1.0,0.242828794857422,0.6666666666666666,1.0,0.0,1.0,0.9176587301587301,1.0,0.19596586031793528,1.0,1.0,0.0,1.0,0.5119047619047619
45,4,0.3,0.02,4,0.1,max,False,0.1,B_weak_signal,81,0.8209876543209876,1.0,0.2597511867390516,0.6666666666666666,1.0,0.0,1.0,0.8240740740740741,1.0,0.2603816643143505,0.6666666666666666,1.0,0.0,1.0,0.9722222222222222,1.0,0.15811388300841892,1.0,1.0,0.0,1.0,0.6049382716049383
45,4,0.3,0.02,4,0.1,max,False,0.1,C_deep,92,0.8405797101449275,1.0,0.22840563743614883,0.75,1.0,0.25,1.0,0.9384057971014493,1.0,0.144617282181151,1.0,1.0,0.5,1.0,0.9021739130434783,1.0,0.20841891855673433,1.0,1.0,0.25,1.0,0.6086956521739131
46,34,0.3,0.02,4,0.1,min,False,0.05,A_default,84,0.7765873015873016,0.75,0.2380492879737575,0.5,1.0,0.3333333333333333,1.0,0.8500000000000001,1.0,0.23120081154927674,0.6666666666666666,1.0,0.4,1.0,0.9265873015873015,1.0,0.15969597637471883,1.0,1.0,0.3333333333333333,1.0,0.4880952380952381
46,34,0.3,0.02,4,0.1,min,False,0.05,B_weak_signal,81,0.8450617283950618,1.0,0.22849818325992532,0.6666666666666666,1.0,0.25,1.0,0.8604938271604938,1.0,0.23001274790222143,0.6666666666666666,1.0,0.25,1.0,0.9845679012345679,1.0,0.06054026310473159,1.0,1.0,0.75,1.0,0.6419753086419753
46,34,0.3,0.02,4,0.1,min,False,0.05,C_deep,92,0.8099637681159421,1.0,0.23730347929553705,0.75,1.0,0.25,1.0,0.9376811594202898,1.0,0.17205341699027799,1.0,1.0,0.4,1.0,0.8722826086956522,1.0,0.20689100983520062,0.75,1.0,0.25,1.0,0.532608695652174
47,2,0.3,0.02,4,0.1,max,False,0.05,A_default,84,0.7813492063492062,1.0,0.24520030827347677,0.5,1.0,0.3333333333333333,1.0,0.8339285714285714,1.0,0.23432729242888262,0.625,1.0,0.4,1.0,0.9474206349206349,1.0,0.15128839910230635,1.0,1.0,0.3333333333333333,1.0,0.5238095238095238
47,2,0.3,0.02,4,0.1,max,False,0.05,B_weak_signal,81,0.8248971193415637,1.0,0.23220147287536091,0.6666666666666666,1.0,0.25,1.0,0.8279835390946502,1.0,0.23285407865844607,0.6666666666666666,1.0,0.25,1.0,0.9969135802469136,1.0,0.02777777777777778,1.0,1.0,0.75,1.0,0.5802469135802469
47,2,0.3,0.02,4,0.1,max,False,0.05,C_deep,92,0.8226449275362318,1.0,0.23473651248037167,0.75,1.0,0.25,1.0,0.915036231884058,1.0,0.17098900318460628,1.0,1.0,0.4,1.0,0.907608695652174,1.0,0.2042947463024396,1.0,1.0,0.25,1.0,0.5652173913043478
48,45,0.3,0.02,4,0.1,min,True,0.15,A_default,84,0.7738095238095238,0.75,0.2354079559363076,0.5,1.0,0.3333333333333333,1.0,0.8472222222222221,1.0,0.2293818206268577,0.6666666666666666,1.0,0.4,1.0,0.9265873015873015,1.0,0.15969597637471883,1.0,1.0,0.3333333333333333,1.0,0.47619047619047616
48,45,0.3,0.02,4,0.1,min,True,0.15,B_weak_signal,81,0.8450617283950618,1.0,0.22849818325992532,0.6666666666666666,1.0,0.25,1.0,0.8604938271604938,1.0,0.23001274790222143,0.6666666666666666,1.0,0.25,1.0,0.9845679012345679,1.0,0.06054026310473159,1.0,1.0,0.75,1.0,0.6419753086419753
48,45,0.3,0.02,4,0.1,min,True,0.15,C_deep,92,0.8099637681159421,1.0,0.23730347929553705,0.75,1.0,0.25,1.0,0.9376811594202898,1.0,0.17205341699027799,1.0,1.0,0.4,1.0,0.8722826086956522,1.0,0.20689100983520062,0.75,1.0,0.25,1.0,0.532608695652174
49,18,0.3,0.02,4,0.1,weighted,False,0.05,A_default,84,0.7952380952380952,1.0,0.2448474572048378,0.5,1.0,0.3333333333333333,1.0,0.948015873015873,1.0,0.14720521701476433,1.0,1.0,0.4,1.0,0.8472222222222221,1.0,0.23314440620669152,0.75,1.0,0.3333333333333333,1.0,0.5476190476190477
49,18,0.3,0.02,4,0.1,weighted,False,0.05,B_weak_signal,81,0.858641975308642,1.0,0.23563022925395546,0.75,1.0,0.0,1.0,0.9306584362139917,1.0,0.18366365677591684,1.0,1.0,0.0,1.0,0.9156378600823044,1.0,0.20602632111733027,1.0,1.0,0.0,1.0,0.6790123456790124
49,18,0.3,0.02,4,0.1,weighted,False,0.05,C_deep,92,0.7742753623188404,0.75,0.25481220841964447,0.625,1.0,0.25,1.0,0.989855072463768,1.0,0.07122495797269404,1.0,1.0,0.4,1.0,0.7844202898550724,0.75,0.2535318812731312,0.6666666666666666,1.0,0.25,1.0,0.4673913043478261
50,33,0.3,0.02,4,0.1,min,False,0.02,A_default,84,0.7726190476190476,0.75,0.23705639692326663,0.5,1.0,0.3333333333333333,1.0,0.846031746031746,1.0,0.23145571348896757,0.6666666666666666,1.0,0.4,1.0,0.9265873015873015,1.0,0.15969597637471883,1.0,1.0,0.3333333333333333,1.0,0.47619047619047616
50,33,0.3,0.02,4,0.1,min,False,0.02,B_weak_signal,81,0.8450617283950618,1.0,0.22849818325992532,0.6666666666666666,1.0,0.25,1.0,0.8604938271604938,1.0,0.23001274790222143,0.6666666666666666,1.0,0.25,1.0,0.9845679012345679,1.0,0.06054026310473159,1.0,1.0,0.75,1.0,0.6419753086419753
50,33,0.3,0.02,4,0.1,min,False,0.02,C_deep,92,0.8099637681159421,1.0,0.23730347929553705,0.75,1.0,0.25,1.0,0.9376811594202898,1.0,0.17205341699027799,1.0,1.0,0.4,1.0,0.8722826086956522,1.0,0.20689100983520062,0.75,1.0,0.25,1.0,0.532608695652174
51,43,0.3,0.02,4,0.1,min,True,0.08,A_default,84,0.7726190476190476,0.75,0.23705639692326663,0.5,1.0,0.3333333333333333,1.0,0.846031746031746,1.0,0.23145571348896757,0.6666666666666666,1.0,0.4,1.0,0.9265873015873015,1.0,0.15969597637471883,1.0,1.0,0.3333333333333333,1.0,0.47619047619047616
51,43,0.3,0.02,4,0.1,min,True,0.08,B_weak_signal,81,0.8450617283950618,1.0,0.22849818325992532,0.6666666666666666,1.0,0.25,1.0,0.8604938271604938,1.0,0.23001274790222143,0.6666666666666666,1.0,0.25,1.0,0.9845679012345679,1.0,0.06054026310473159,1.0,1.0,0.75,1.0,0.6419753086419753
51,43,0.3,0.02,4,0.1,min,True,0.08,C_deep,92,0.8099637681159421,1.0,0.23730347929553705,0.75,1.0,0.25,1.0,0.9376811594202898,1.0,0.17205341699027799,1.0,1.0,0.4,1.0,0.8722826086956522,1.0,0.20689100983520062,0.75,1.0,0.25,1.0,0.532608695652174
52,41,0.3,0.02,4,0.1,min,True,0.02,A_default,84,0.7726190476190476,0.75,0.23705639692326663,0.5,1.0,0.3333333333333333,1.0,0.846031746031746,1.0,0.23145571348896757,0.6666666666666666,1.0,0.4,1.0,0.9265873015873015,1.0,0.15969597637471883,1.0,1.0,0.3333333333333333,1.0,0.47619047619047616
52,41,0.3,0.02,4,0.1,min,True,0.02,B_weak_signal,81,0.8450617283950618,1.0,0.22849818325992532,0.6666666666666666,1.0,0.25,1.0,0.8604938271604938,1.0,0.23001274790222143,0.6666666666666666,1.0,0.25,1.0,0.9845679012345679,1.0,0.06054026310473159,1.0,1.0,0.75,1.0,0.6419753086419753
52,41,0.3,0.02,4,0.1,min,True,0.02,C_deep,92,0.8099637681159421,1.0,0.23730347929553705,0.75,1.0,0.25,1.0,0.9376811594202898,1.0,0.17205341699027799,1.0,1.0,0.4,1.0,0.8722826086956522,1.0,0.20689100983520062,0.75,1.0,0.25,1.0,0.532608695652174
53,44,0.3,0.02,4,0.1,min,True,0.1,A_default,84,0.7726190476190476,0.75,0.23705639692326663,0.5,1.0,0.3333333333333333,1.0,0.846031746031746,1.0,0.23145571348896757,0.6666666666666666,1.0,0.4,1.0,0.9265873015873015,1.0,0.15969597637471883,1.0,1.0,0.3333333333333333,1.0,0.47619047619047616
53,44,0.3,0.02,4,0.1,min,True,0.1,B_weak_signal,81,0.8450617283950618,1.0,0.22849818325992532,0.6666666666666666,1.0,0.25,1.0,0.8604938271604938,1.0,0.23001274790222143,0.6666666666666666,1.0,0.25,1.0,0.9845679012345679,1.0,0.06054026310473159,1.0,1.0,0.75,1.0,0.6419753086419753
53,44,0.3,0.02,4,0.1,min,True,0.1,C_deep,92,0.8099637681159421,1.0,0.23730347929553705,0.75,1.0,0.25,1.0,0.9376811594202898,1.0,0.17205341699027799,1.0,1.0,0.4,1.0,0.8722826086956522,1.0,0.20689100983520062,0.75,1.0,0.25,1.0,0.532608695652174
54,42,0.3,0.02,4,0.1,min,True,0.05,A_default,84,0.7726190476190476,0.75,0.23705639692326663,0.5,1.0,0.3333333333333333,1.0,0.846031746031746,1.0,0.23145571348896757,0.6666666666666666,1.0,0.4,1.0,0.9265873015873015,1.0,0.15969597637471883,1.0,1.0,0.3333333333333333,1.0,0.47619047619047616
54,42,0.3,0.02,4,0.1,min,True,0.05,B_weak_signal,81,0.8450617283950618,1.0,0.22849818325992532,0.6666666666666666,1.0,0.25,1.0,0.8604938271604938,1.0,0.23001274790222143,0.6666666666666666,1.0,0.25,1.0,0.9845679012345679,1.0,0.06054026310473159,1.0,1.0,0.75,1.0,0.6419753086419753
54,42,0.3,0.02,4,0.1,min,True,0.05,C_deep,92,0.8099637681159421,1.0,0.23730347929553705,0.75,1.0,0.25,1.0,0.9376811594202898,1.0,0.17205341699027799,1.0,1.0,0.4,1.0,0.8722826086956522,1.0,0.20689100983520062,0.75,1.0,0.25,1.0,0.532608695652174
55,14,0.3,0.02,4,0.1,max,True,0.2,A_default,84,0.7938492063492064,1.0,0.2525476582577321,0.5,1.0,0.0,1.0,0.8523809523809524,1.0,0.23672439559997702,0.6666666666666666,1.0,0.0,1.0,0.929563492063492,1.0,0.1890112225207711,1.0,1.0,0.0,1.0,0.5595238095238095
55,14,0.3,0.02,4,0.1,max,True,0.2,B_weak_signal,81,0.8037037037037036,1.0,0.2614994157631035,0.6666666666666666,1.0,0.0,1.0,0.80679012345679,1.0,0.2623316626611586,0.6666666666666666,1.0,0.0,1.0,0.9722222222222222,1.0,0.15811388300841894,1.0,1.0,0.0,1.0,0.5555555555555556
55,14,0.3,0.02,4,0.1,max,True,0.2,C_deep,92,0.8253623188405798,1.0,0.23192245163121286,0.75,1.0,0.25,1.0,0.9177536231884057,1.0,0.16557894781603796,1.0,1.0,0.4,1.0,0.907608695652174,1.0,0.2042947463024396,1.0,1.0,0.25,1.0,0.5652173913043478
56,13,0.3,0.02,4,0.1,max,True,0.15,A_default,84,0.7696428571428572,0.875,0.2541774237540049,0.5,1.0,0.0,1.0,0.8251984126984129,1.0,0.2468746280578636,0.625,1.0,0.0,1.0,0.9325396825396824,1.0,0.1840694379247775,1.0,1.0,0.0,1.0,0.5
56,13,0.3,0.02,4,0.1,max,True,0.15,B_weak_signal,81,0.8220164609053497,1.0,0.23283916660095946,0.6666666666666666,1.0,0.25,1.0,0.8251028806584362,1.0,0.23352854121293723,0.6666666666666666,1.0,0.25,1.0,0.9969135802469136,1.0,0.02777777777777778,1.0,1.0,0.75,1.0,0.5679012345679012
56,13,0.3,0.02,4,0.1,max,True,0.15,C_deep,92,0.823731884057971,1.0,0.232982909229395,0.75,1.0,0.25,1.0,0.9161231884057972,1.0,0.1679701970584564,1.0,1.0,0.4,1.0,0.907608695652174,1.0,0.2042947463024396,1.0,1.0,0.25,1.0,0.5652173913043478
57,12,0.3,0.02,4,0.1,max,True,0.1,A_default,84,0.7753968253968253,0.875,0.2428147661196856,0.5,1.0,0.3333333333333333,1.0,0.8309523809523811,1.0,0.23377959128953005,0.625,1.0,0.4,1.0,0.9444444444444444,1.0,0.15269408684968014,1.0,1.0,0.3333333333333333,1.0,0.5
57,12,0.3,0.02,4,0.1,max,True,0.1,B_weak_signal,81,0.816872427983539,1.0,0.2380402310062386,0.6666666666666666,1.0,0.25,1.0,0.8199588477366254,1.0,0.238781916905108,0.6666666666666666,1.0,0.25,1.0,0.9969135802469136,1.0,0.02777777777777778,1.0,1.0,0.75,1.0,0.5679012345679012
57,12,0.3,0.02,4,0.1,max,True,0.1,C_deep,92,0.8226449275362318,1.0,0.23473651248037167,0.75,1.0,0.25,1.0,0.915036231884058,1.0,0.17098900318460628,1.0,1.0,0.4,1.0,0.907608695652174,1.0,0.2042947463024396,1.0,1.0,0.25,1.0,0.5652173913043478
58,11,0.3,0.02,4,0.1,max,True,0.08,A_default,84,0.7763888888888889,1.0,0.2456203840232861,0.5,1.0,0.3333333333333333,1.0,0.828968253968254,1.0,0.23588846330261834,0.5,1.0,0.4,1.0,0.9474206349206349,1.0,0.15128839910230635,1.0,1.0,0.3333333333333333,1.0,0.5119047619047619
58,11,0.3,0.02,4,0.1,max,True,0.08,B_weak_signal,81,0.8156378600823044,1.0,0.23995580725955712,0.6666666666666666,1.0,0.25,1.0,0.8187242798353909,1.0,0.2407076188041063,0.6666666666666666,1.0,0.25,1.0,0.9969135802469136,1.0,0.02777777777777778,1.0,1.0,0.75,1.0,0.5679012345679012
58,11,0.3,0.02,4,0.1,max,True,0.08,C_deep,92,0.8226449275362318,1.0,0.23473651248037167,0.75,1.0,0.25,1.0,0.915036231884058,1.0,0.17098900318460628,1.0,1.0,0.4,1.0,0.907608695652174,1.0,0.2042947463024396,1.0,1.0,0.25,1.0,0.5652173913043478
59,1,0.3,0.02,4,0.1,max,False,0.02,A_default,84,0.7751984126984128,1.0,0.24721330463674077,0.5,1.0,0.3333333333333333,1.0,0.8277777777777777,1.0,0.2378131815652649,0.5,1.0,0.4,1.0,0.9474206349206349,1.0,0.15128839910230635,1.0,1.0,0.3333333333333333,1.0,0.5119047619047619
59,1,0.3,0.02,4,0.1,max,False,0.02,B_weak_signal,81,0.8156378600823044,1.0,0.23995580725955712,0.6666666666666666,1.0,0.25,1.0,0.8187242798353909,1.0,0.2407076188041063,0.6666666666666666,1.0,0.25,1.0,0.9969135802469136,1.0,0.02777777777777778,1.0,1.0,0.75,1.0,0.5679012345679012
59,1,0.3,0.02,4,0.1,max,False,0.02,C_deep,92,0.8226449275362318,1.0,0.23473651248037167,0.75,1.0,0.25,1.0,0.915036231884058,1.0,0.17098900318460628,1.0,1.0,0.4,1.0,0.907608695652174,1.0,0.2042947463024396,1.0,1.0,0.25,1.0,0.5652173913043478
60,10,0.3,0.02,4,0.1,max,True,0.05,A_default,84,0.7751984126984128,1.0,0.24721330463674077,0.5,1.0,0.3333333333333333,1.0,0.8277777777777777,1.0,0.2378131815652649,0.5,1.0,0.4,1.0,0.9474206349206349,1.0,0.15128839910230635,1.0,1.0,0.3333333333333333,1.0,0.5119047619047619
60,10,0.3,0.02,4,0.1,max,True,0.05,B_weak_signal,81,0.8156378600823044,1.0,0.23995580725955712,0.6666666666666666,1.0,0.25,1.0,0.8187242798353909,1.0,0.2407076188041063,0.6666666666666666,1.0,0.25,1.0,0.9969135802469136,1.0,0.02777777777777778,1.0,1.0,0.75,1.0,0.5679012345679012
60,10,0.3,0.02,4,0.1,max,True,0.05,C_deep,92,0.8226449275362318,1.0,0.23473651248037167,0.75,1.0,0.25,1.0,0.915036231884058,1.0,0.17098900318460628,1.0,1.0,0.4,1.0,0.907608695652174,1.0,0.2042947463024396,1.0,1.0,0.25,1.0,0.5652173913043478
61,9,0.3,0.02,4,0.1,max,True,0.02,A_default,84,0.7732142857142857,1.0,0.24875887177364503,0.5,1.0,0.3333333333333333,1.0,0.8257936507936507,1.0,0.2398600211198709,0.5,1.0,0.4,1.0,0.9474206349206349,1.0,0.15128839910230635,1.0,1.0,0.3333333333333333,1.0,0.5119047619047619
61,9,0.3,0.02,4,0.1,max,True,0.02,B_weak_signal,81,0.8156378600823044,1.0,0.23995580725955712,0.6666666666666666,1.0,0.25,1.0,0.8187242798353909,1.0,0.2407076188041063,0.6666666666666666,1.0,0.25,1.0,0.9969135802469136,1.0,0.02777777777777778,1.0,1.0,0.75,1.0,0.5679012345679012
61,9,0.3,0.02,4,0.1,max,True,0.02,C_deep,92,0.8226449275362318,1.0,0.23473651248037167,0.75,1.0,0.25,1.0,0.915036231884058,1.0,0.17098900318460628,1.0,1.0,0.4,1.0,0.907608695652174,1.0,0.2042947463024396,1.0,1.0,0.25,1.0,0.5652173913043478
62,31,0.3,0.02,4,0.1,weighted,True,0.25,A_default,84,0.7976190476190477,1.0,0.2778303641178476,0.5,1.0,0.0,1.0,0.9583333333333334,1.0,0.17136939598282444,1.0,1.0,0.0,1.0,0.8154761904761905,1.0,0.27776582494841806,0.5,1.0,0.0,1.0,0.5952380952380952
62,31,0.3,0.02,4,0.1,weighted,True,0.25,B_weak_signal,81,0.8405349794238682,1.0,0.2726533497105209,0.75,1.0,0.0,1.0,0.9516460905349794,1.0,0.1801157987524123,1.0,1.0,0.0,1.0,0.8641975308641975,1.0,0.2675909906398288,1.0,1.0,0.0,1.0,0.691358024691358
62,31,0.3,0.02,4,0.1,weighted,True,0.25,C_deep,92,0.7228260869565217,0.75,0.2998546390948748,0.5,1.0,0.0,1.0,0.9637681159420289,1.0,0.1812756435592368,1.0,1.0,0.0,1.0,0.726449275362319,0.75,0.3011795307301757,0.5,1.0,0.0,1.0,0.42391304347826086
63,38,0.3,0.02,4,0.1,min,False,0.2,A_default,84,0.7480158730158729,0.75,0.250827342680264,0.5,1.0,0.25,1.0,0.9384920634920635,1.0,0.1481247391781704,1.0,1.0,0.5,1.0,0.8095238095238095,1.0,0.25433702190482826,0.5,1.0,0.25,1.0,0.44047619047619047
63,38,0.3,0.02,4,0.1,min,False,0.2,B_weak_signal,81,0.8672839506172839,1.0,0.20740534059816776,0.75,1.0,0.3333333333333333,1.0,0.9557613168724278,1.0,0.13761763891473502,1.0,1.0,0.5,1.0,0.9115226337448559,1.0,0.17889789870723907,1.0,1.0,0.3333333333333333,1.0,0.6790123456790124
63,38,0.3,0.02,4,0.1,min,False,0.2,C_deep,92,0.7443840579710144,0.75,0.2590283946644622,0.5,1.0,0.25,1.0,0.982608695652174,1.0,0.0855176382023102,1.0,1.0,0.4,1.0,0.7617753623188406,0.75,0.26107388401563203,0.5,1.0,0.25,1.0,0.40217391304347827
64,7,0.3,0.02,4,0.1,max,False,0.25,A_default,84,0.7837301587301588,1.0,0.291593234479273,0.5,1.0,0.0,1.0,0.9117063492063493,1.0,0.2506187758914905,1.0,1.0,0.0,1.0,0.8125,1.0,0.2938102525861984,0.5,1.0,0.0,1.0,0.5714285714285714
64,7,0.3,0.02,4,0.1,max,False,0.25,B_weak_signal,81,0.7526748971193415,1.0,0.37480047275298006,0.6666666666666666,1.0,0.0,1.0,0.7917695473251027,1.0,0.37845742693926215,0.75,1.0,0.0,1.0,0.7880658436213992,1.0,0.38052626723377414,0.75,1.0,0.0,1.0,0.6049382716049383
64,7,0.3,0.02,4,0.1,max,False,0.25,C_deep,92,0.8041666666666667,1.0,0.28303286157723934,0.6666666666666666,1.0,0.0,1.0,0.9552536231884057,1.0,0.18577181750644106,1.0,1.0,0.0,1.0,0.8152173913043478,1.0,0.283561125559642,0.75,1.0,0.0,1.0,0.5978260869565217
65,39,0.3,0.02,4,0.1,min,False,0.25,A_default,84,0.7242063492063492,0.75,0.27622678489386754,0.5,1.0,0.0,1.0,0.9563492063492063,1.0,0.15112041976885918,1.0,1.0,0.0,1.0,0.7559523809523809,1.0,0.2833468323874146,0.5,1.0,0.0,1.0,0.44047619047619047
65,39,0.3,0.02,4,0.1,min,False,0.25,B_weak_signal,81,0.832304526748971,1.0,0.2563410499354916,0.6666666666666666,1.0,0.0,1.0,0.9444444444444444,1.0,0.18819316317727025,1.0,1.0,0.0,1.0,0.8631687242798353,1.0,0.24836571446299366,0.75,1.0,0.0,1.0,0.6419753086419753
65,39,0.3,0.02,4,0.1,min,False,0.25,C_deep,92,0.6856884057971014,0.75,0.294978130040711,0.5,1.0,0.0,1.0,0.9728260869565217,1.0,0.1548506979404733,1.0,1.0,0.0,1.0,0.691123188405797,0.75,0.29612321181364043,0.5,1.0,0.0,1.0,0.358695652173913
66,32,0.3,0.02,4,0.1,weighted,True,0.3,A_default,84,0.7519841269841271,1.0,0.2944079981196031,0.5,1.0,0.0,1.0,0.9682539682539681,1.0,0.16047993297088267,1.0,1.0,0.0,1.0,0.759920634920635,1.0,0.2965116133727649,0.5,1.0,0.0,1.0,0.5238095238095238
66,32,0.3,0.02,4,0.1,weighted,True,0.3,B_weak_signal,81,0.8137860082304528,1.0,0.2947078370024661,0.6666666666666666,1.0,0.0,1.0,0.9567901234567902,1.0,0.17435949807194687,1.0,1.0,0.0,1.0,0.832304526748971,1.0,0.2935929920708962,0.75,1.0,0.0,1.0,0.6666666666666666
66,32,0.3,0.02,4,0.1,weighted,True,0.3,C_deep,92,0.6422101449275363,0.75,0.32534804400398554,0.3333333333333333,1.0,0.0,1.0,0.9565217391304348,1.0,0.20504855915155562,1.0,1.0,0.0,1.0,0.6422101449275363,0.75,0.32534804400398554,0.3333333333333333,1.0,0.0,1.0,0.34782608695652173
67,19,0.3,0.02,4,0.1,weighted,False,0.08,A_default,84,0.7339285714285714,0.75,0.26676010447058635,0.5,1.0,0.0,1.0,0.9472222222222222,1.0,0.16720462043836978,1.0,1.0,0.0,1.0,0.7748015873015874,1.0,0.26973007043036773,0.5,1.0,0.0,1.0,0.44047619047619047
67,19,0.3,0.02,4,0.1,weighted,False,0.08,B_weak_signal,81,0.7816872427983539,1.0,0.28089149914789663,0.5,1.0,0.0,1.0,0.9288065843621398,1.0,0.20171164005550601,1.0,1.0,0.0,1.0,0.8281893004115226,1.0,0.27649394678059414,0.75,1.0,0.0,1.0,0.5555555555555556
67,19,0.3,0.02,4,0.1,weighted,False,0.08,C_deep,92,0.657608695652174,0.75,0.3014658231244087,0.3333333333333333,1.0,0.0,1.0,0.9692028985507245,1.0,0.15807400746238434,1.0,1.0,0.0,1.0,0.6666666666666667,0.75,0.30512512695834,0.3333333333333333,1.0,0.0,1.0,0.32608695652173914
68,69,0.3,0.02,4,0.1,harmonic,False,0.15,A_default,84,0.7480158730158729,0.875,0.28895792972907264,0.5,1.0,0.0,1.0,0.9503968253968255,1.0,0.19835292654858788,1.0,1.0,0.0,1.0,0.7619047619047619,1.0,0.2910256458860566,0.5,1.0,0.0,1.0,0.5
68,69,0.3,0.02,4,0.1,harmonic,False,0.15,B_weak_signal,81,0.7386831275720165,1.0,0.34679912493976234,0.5,1.0,0.0,1.0,0.8888888888888888,1.0,0.3027650354097492,1.0,1.0,0.0,1.0,0.7510288065843622,1.0,0.34997366645986877,0.5,1.0,0.0,1.0,0.5679012345679012
68,69,0.3,0.02,4,0.1,harmonic,False,0.15,C_deep,92,0.6422101449275363,0.75,0.31291347334480724,0.3333333333333333,1.0,0.0,1.0,0.9528985507246376,1.0,0.2072054994952488,1.0,1.0,0.0,1.0,0.6458333333333333,0.75,0.31512178586498896,0.3333333333333333,1.0,0.0,1.0,0.31521739130434784
69,8,0.3,0.02,4,0.1,max,False,0.3,A_default,84,0.740079365079365,1.0,0.345753731561955,0.5,1.0,0.0,1.0,0.8730158730158729,1.0,0.32686397575641085,1.0,1.0,0.0,1.0,0.7480158730158729,1.0,0.3478217238072411,0.5,1.0,0.0,1.0,0.5595238095238095
69,8,0.3,0.02,4,0.1,max,False,0.3,B_weak_signal,81,0.5874485596707818,0.75,0.45182908260786026,0.0,1.0,0.0,1.0,0.6563786008230452,1.0,0.4716590687052532,0.0,1.0,0.0,1.0,0.5977366255144032,1.0,0.456205310493378,0.0,1.0,0.0,1.0,0.48148148148148145
69,8,0.3,0.02,4,0.1,max,False,0.3,C_deep,92,0.7434782608695653,1.0,0.32251640048537994,0.5,1.0,0.0,1.0,0.9298913043478261,1.0,0.2491810523427326,1.0,1.0,0.0,1.0,0.7472826086956522,1.0,0.3232096094041616,0.5,1.0,0.0,1.0,0.5217391304347826
70,40,0.3,0.02,4,0.1,min,False,0.3,A_default,84,0.6696428571428571,0.6666666666666666,0.29425740621609425,0.5,1.0,0.0,1.0,0.9404761904761905,1.0,0.2014719215405671,1.0,1.0,0.0,1.0,0.6934523809523809,0.75,0.3064349772716352,0.5,1.0,0.0,1.0,0.36904761904761907
70,40,0.3,0.02,4,0.1,min,False,0.3,B_weak_signal,81,0.7335390946502057,1.0,0.3594990131646989,0.5,1.0,0.0,1.0,0.8724279835390946,1.0,0.33152803314755847,1.0,1.0,0.0,1.0,0.7376543209876543,1.0,0.36063002141485534,0.5,1.0,0.0,1.0,0.5679012345679012
70,40,0.3,0.02,4,0.1,min,False,0.3,C_deep,92,0.6458333333333333,0.75,0.3085139556095653,0.3333333333333333,1.0,0.0,1.0,0.9510869565217391,1.0,0.2104388743269601,1.0,1.0,0.0,1.0,0.6512681159420289,0.75,0.31031546530529946,0.3333333333333333,1.0,0.0,1.0,0.31521739130434784
71,55,0.3,0.02,4,0.1,mean,False,0.25,A_default,84,0.7271825396825398,0.75,0.27298954481630694,0.5,1.0,0.0,1.0,0.9642857142857143,1.0,0.16377292817280548,1.0,1.0,0.0,1.0,0.7390873015873015,0.75,0.27737647910756374,0.5,1.0,0.0,1.0,0.42857142857142855
71,55,0.3,0.02,4,0.1,mean,False,0.25,B_weak_signal,81,0.624485596707819,0.75,0.4020614106264763,0.3333333333333333,1.0,0.0,1.0,0.7860082304526749,1.0,0.4092969649129693,1.0,1.0,0.0,1.0,0.6286008230452674,0.75,0.404198749309988,0.3333333333333333,1.0,0.0,1.0,0.4567901234567901
71,55,0.3,0.02,4,0.1,mean,False,0.25,C_deep,92,0.6594202898550725,0.75,0.3225480849125373,0.3333333333333333,1.0,0.0,1.0,0.9239130434782609,1.0,0.2665900112789531,1.0,1.0,0.0,1.0,0.6594202898550725,0.75,0.3225480849125373,0.3333333333333333,1.0,0.0,1.0,0.34782608695652173
72,20,0.3,0.02,4,0.1,weighted,False,0.1,A_default,84,0.6575396825396825,0.5,0.2911616943815451,0.5,1.0,0.0,1.0,0.9511904761904761,1.0,0.1643979262069202,1.0,1.0,0.0,1.0,0.6944444444444444,0.75,0.3026360463136134,0.5,1.0,0.0,1.0,0.36904761904761907
72,20,0.3,0.02,4,0.1,weighted,False,0.1,B_weak_signal,81,0.7283950617283951,1.0,0.30866473681502143,0.5,1.0,0.0,1.0,0.9341563786008229,1.0,0.19663667205180838,1.0,1.0,0.0,1.0,0.7695473251028807,1.0,0.3132689442202887,0.5,1.0,0.0,1.0,0.5061728395061729
72,20,0.3,0.02,4,0.1,weighted,False,0.1,C_deep,92,0.6014492753623188,0.5,0.30632976570954457,0.3333333333333333,1.0,0.0,1.0,0.9728260869565217,1.0,0.1548506979404733,1.0,1.0,0.0,1.0,0.6068840579710145,0.5,0.3089344420135583,0.3333333333333333,1.0,0.0,1.0,0.2717391304347826
73,70,0.3,0.02,4,0.1,harmonic,False,0.2,A_default,84,0.6160714285714286,0.5,0.32776928931574784,0.3333333333333333,1.0,0.0,1.0,0.9325396825396824,1.0,0.2414800520571652,1.0,1.0,0.0,1.0,0.6240079365079365,0.5,0.33295511866821337,0.3333333333333333,1.0,0.0,1.0,0.36904761904761907
73,70,0.3,0.02,4,0.1,harmonic,False,0.2,B_weak_signal,81,0.5606995884773662,0.5,0.3926433623706346,0.3333333333333333,1.0,0.0,1.0,0.7983539094650205,1.0,0.40027425440314957,1.0,1.0,0.0,1.0,0.5648148148148148,0.5,0.3955042491694762,0.3333333333333333,1.0,0.0,1.0,0.38271604938271603
73,70,0.3,0.02,4,0.1,harmonic,False,0.2,C_deep,92,0.45018115942028986,0.3333333333333333,0.3432721109504737,0.25,0.75,0.0,1.0,0.8369565217391305,1.0,0.37142949024106275,1.0,1.0,0.0,1.0,0.45018115942028986,0.3333333333333333,0.3432721109504737,0.25,0.75,0.0,1.0,0.21739130434782608
74,21,0.3,0.02,4,0.1,weighted,False,0.15,A_default,84,0.5525793650793651,0.5,0.28569760142845946,0.3333333333333333,0.8125,0.0,1.0,0.9722222222222223,1.0,0.15701647125232973,1.0,1.0,0.0,1.0,0.5565476190476191,0.5,0.289589769592949,0.3333333333333333,1.0,0.0,1.0,0.25
74,21,0.3,0.02,4,0.1,weighted,False,0.15,B_weak_signal,81,0.5864197530864197,0.5,0.3209806059292618,0.3333333333333333,1.0,0.0,1.0,0.97119341563786,1.0,0.15983959723733396,1.0,1.0,0.0,1.0,0.5905349794238683,0.5,0.32414351107963624,0.3333333333333333,1.0,0.0,1.0,0.345679012345679
74,21,0.3,0.02,4,0.1,weighted,False,0.15,C_deep,92,0.4692028985507246,0.3333333333333333,0.30127866273046733,0.25,0.5625,0.0,1.0,0.9565217391304348,1.0,0.20504855915155562,1.0,1.0,0.0,1.0,0.4692028985507246,0.3333333333333333,0.30127866273046733,0.25,0.5625,0.0,1.0,0.1956521739130435
75,22,0.3,0.02,4,0.1,weighted,False,0.2,A_default,84,0.5287698412698413,0.5,0.2790948171098697,0.3333333333333333,0.5,0.0,1.0,0.9761904761904762,1.0,0.1533709949008578,1.0,1.0,0.0,1.0,0.5287698412698413,0.5,0.2790948171098697,0.3333333333333333,0.5,0.0,1.0,0.2261904761904762
75,22,0.3,0.02,4,0.1,weighted,False,0.2,B_weak_signal,81,0.5442386831275721,0.5,0.3516050547709268,0.3333333333333333,1.0,0.0,1.0,0.8888888888888888,1.0,0.31622776601683794,1.0,1.0,0.0,1.0,0.5442386831275721,0.5,0.3516050547709268,0.3333333333333333,1.0,0.0,1.0,0.3333333333333333
75,22,0.3,0.02,4,0.1,weighted,False,0.2,C_deep,92,0.42572463768115937,0.3333333333333333,0.3072328449603912,0.25,0.5,0.0,1.0,0.9021739130434783,1.0,0.29870720011393176,1.0,1.0,0.0,1.0,0.42572463768115937,0.3333333333333333,0.3072328449603912,0.25,0.5,0.0,1.0,0.18478260869565216
76,56,0.3,0.02,4,0.1,mean,False,0.3,A_default,84,0.5684523809523809,0.5,0.3368689783112711,0.3333333333333333,1.0,0.0,1.0,0.8690476190476191,1.0,0.33937440336141056,1.0,1.0,0.0,1.0,0.5684523809523809,0.5,0.3368689783112711,0.3333333333333333,1.0,0.0,1.0,0.2857142857142857
76,56,0.3,0.02,4,0.1,mean,False,0.3,B_weak_signal,81,0.44547325102880664,0.3333333333333333,0.4154483216431429,0.0,1.0,0.0,1.0,0.654320987654321,1.0,0.4785523437190673,0.0,1.0,0.0,1.0,0.44547325102880664,0.3333333333333333,0.4154483216431429,0.0,1.0,0.0,1.0,0.30864197530864196
76,56,0.3,0.02,4,0.1,mean,False,0.3,C_deep,92,0.47192028985507245,0.3333333333333333,0.357476651626417,0.25,0.75,0.0,1.0,0.8043478260869565,1.0,0.3988756294854575,1.0,1.0,0.0,1.0,0.47192028985507245,0.3333333333333333,0.357476651626417,0.25,0.75,0.0,1.0,0.22826086956521738
77,71,0.3,0.02,4,0.1,harmonic,False,0.25,A_default,84,0.5089285714285714,0.5,0.3000495990744895,0.3333333333333333,0.5,0.0,1.0,0.9285714285714286,1.0,0.2590861737702312,1.0,1.0,0.0,1.0,0.5089285714285714,0.5,0.3000495990744895,0.3333333333333333,0.5,0.0,1.0,0.2261904761904762
77,71,0.3,0.02,4,0.1,harmonic,False,0.25,B_weak_signal,81,0.49897119341563784,0.3333333333333333,0.3898659463254676,0.25,1.0,0.0,1.0,0.7777777777777778,1.0,0.4183300132670378,1.0,1.0,0.0,1.0,0.49897119341563784,0.3333333333333333,0.3898659463254676,0.25,1.0,0.0,1.0,0.3333333333333333
77,71,0.3,0.02,4,0.1,harmonic,False,0.25,C_deep,92,0.3967391304347827,0.3333333333333333,0.32624551541353125,0.25,0.5,0.0,1.0,0.8152173913043478,1.0,0.3902478171817211,1.0,1.0,0.0,1.0,0.3967391304347827,0.3333333333333333,0.32624551541353125,0.25,0.5,0.0,1.0,0.18478260869565216
78,23,0.3,0.02,4,0.1,weighted,False,0.25,A_default,84,0.5089285714285714,0.5,0.2898373087082126,0.3333333333333333,0.5,0.0,1.0,0.9404761904761905,1.0,0.23802351185830545,1.0,1.0,0.0,1.0,0.5089285714285714,0.5,0.2898373087082126,0.3333333333333333,0.5,0.0,1.0,0.21428571428571427
78,23,0.3,0.02,4,0.1,weighted,False,0.25,B_weak_signal,81,0.48662551440329216,0.3333333333333333,0.38153035914850736,0.25,1.0,0.0,1.0,0.7777777777777778,1.0,0.4183300132670378,1.0,1.0,0.0,1.0,0.48662551440329216,0.3333333333333333,0.38153035914850736,0.25,1.0,0.0,1.0,0.30864197530864196
78,23,0.3,0.02,4,0.1,weighted,False,0.25,C_deep,92,0.40489130434782616,0.3333333333333333,0.31920170996591857,0.25,0.5,0.0,1.0,0.8478260869565217,1.0,0.36115755925730764,1.0,1.0,0.0,1.0,0.40489130434782616,0.3333333333333333,0.31920170996591857,0.25,0.5,0.0,1.0,0.18478260869565216
79,24,0.3,0.02,4,0.1,weighted,False,0.3,A_default,84,0.47519841269841273,0.5,0.2985853980754963,0.25,0.5,0.0,1.0,0.8928571428571429,1.0,0.31115243011688337,1.0,1.0,0.0,1.0,0.47519841269841273,0.5,0.2985853980754963,0.25,0.5,0.0,1.0,0.19047619047619047
79,24,0.3,0.02,4,0.1,weighted,False,0.3,B_weak_signal,81,0.4063786008230452,0.3333333333333333,0.3931670543769687,0.0,1.0,0.0,1.0,0.654320987654321,1.0,0.4785523437190673,0.0,1.0,0.0,1.0,0.4063786008230452,0.3333333333333333,0.3931670543769687,0.0,1.0,0.0,1.0,0.25925925925925924
79,24,0.3,0.02,4,0.1,weighted,False,0.3,C_deep,92,0.39402173913043487,0.3333333333333333,0.3285144488633042,0.25,0.5,0.0,1.0,0.8043478260869565,1.0,0.3988756294854575,1.0,1.0,0.0,1.0,0.39402173913043487,0.3333333333333333,0.3285144488633042,0.25,0.5,0.0,1.0,0.18478260869565216
80,72,0.3,0.02,4,0.1,harmonic,False,0.3,A_default,84,0.45535714285714285,0.5,0.3148612740815173,0.25,0.5,0.0,1.0,0.8452380952380952,1.0,0.36384981739119404,1.0,1.0,0.0,1.0,0.45535714285714285,0.5,0.3148612740815173,0.25,0.5,0.0,1.0,0.19047619047619047
80,72,0.3,0.02,4,0.1,harmonic,False,0.3,B_weak_signal,81,0.4063786008230452,0.3333333333333333,0.3931670543769687,0.0,1.0,0.0,1.0,0.654320987654321,1.0,0.4785523437190673,0.0,1.0,0.0,1.0,0.4063786008230452,0.3333333333333333,0.3931670543769687,0.0,1.0,0.0,1.0,0.25925925925925924
80,72,0.3,0.02,4,0.1,harmonic,False,0.3,C_deep,92,0.39402173913043487,0.3333333333333333,0.3285144488633042,0.25,0.5,0.0,1.0,0.8043478260869565,1.0,0.3988756294854575,1.0,1.0,0.0,1.0,0.39402173913043487,0.3333333333333333,0.3285144488633042,0.25,0.5,0.0,1.0,0.18478260869565216
