row,variant,A_default,B_weak_signal,C_deep,Overall
0,harmonic,0.978174603174603,0.8835390946502057,0.9945652173913044,0.9520929717387044
1,harmonic,0.978174603174603,0.8835390946502057,0.9945652173913044,0.9520929717387044
2,harmonic,0.978174603174603,0.8835390946502057,0.9945652173913044,0.9520929717387044
3,harmonic,0.9571428571428572,0.8884773662551441,0.9934782608695653,0.9463661614225222
4,harmonic,0.9571428571428572,0.8884773662551441,0.9934782608695653,0.9463661614225222
5,harmonic,0.9571428571428572,0.878968253968254,0.9934782608695653,0.9431964573268922
6,harmonic,0.9767932489451476,0.8718390804597701,0.994186046511628,0.9476061253055152
7,harmonic,0.9767932489451476,0.8718390804597701,0.994186046511628,0.9476061253055152
8,weighted,0.949206349206349,0.8956790123456789,0.989855072463768,0.9449134780052652
9,weighted,0.949206349206349,0.8956790123456789,0.989855072463768,0.9449134780052652
10,weighted,0.949206349206349,0.8839285714285713,0.989855072463768,0.9409966643662294
11,weighted,0.949206349206349,0.8839285714285713,0.989855072463768,0.9409966643662294
12,weighted,0.965079365079365,0.931893004115226,0.9945652173913044,0.9638458621952984
13,weighted,0.965079365079365,0.931893004115226,0.9945652173913044,0.9638458621952984
14,harmonic,0.978174603174603,0.9156378600823044,0.9963768115942028,0.96339642495037
15,harmonic,0.988095238095238,0.9084362139917695,0.9963768115942028,0.9643027545604036
16,harmonic,0.978174603174603,0.905753968253968,0.9963768115942028,0.9601017943409246
17,weighted,0.965079365079365,0.9208333333333332,0.9945652173913044,0.9601593052680008
18,weighted,0.965079365079365,0.9208333333333332,0.9945652173913044,0.9601593052680008
19,weighted,0.965079365079365,0.9208333333333332,0.9945652173913044,0.9601593052680008
