rank,configuration_id,theta_filter,min_size_frac,max_depth,variant,h,relative_h,theta_stop,jaccard,jaccard_median,jaccard_std,jaccard_q1,jaccard_q3,jaccard_min,jaccard_max,precision,precision_median,precision_std,precision_q1,precision_q3,precision_min,precision_max,recall,recall_median,recall_std,recall_q1,recall_q3,recall_min,recall_max,exact_match
1,719,0.3,0.02,4,harmonic,0.2,True,0.1,0.8923950319079142,1.0,0.2069878374276313,0.8333333333333334,1.0,0.19444444444444442,1.0,0.9520929717387044,1.0,0.1268594660608278,1.0,1.0,0.3333333333333333,1.0,0.9279563811568643,1.0,0.18485080068191362,0.9166666666666666,1.0,0.19444444444444442,1.0,0.7402103621910386
2,238,0.3,0.03,6,harmonic,0.2,True,0.1,0.8923950319079142,1.0,0.2069878374276313,0.8333333333333334,1.0,0.19444444444444442,1.0,0.9520929717387044,1.0,0.1268594660608278,1.0,1.0,0.3333333333333333,1.0,0.9279563811568643,1.0,0.18485080068191362,0.9166666666666666,1.0,0.19444444444444442,1.0,0.7402103621910386
3,515,0.3,0.02,6,harmonic,0.2,True,0.1,0.8923950319079142,1.0,0.2069878374276313,0.8333333333333334,1.0,0.19444444444444442,1.0,0.9520929717387044,1.0,0.1268594660608278,1.0,1.0,0.3333333333333333,1.0,0.9279563811568643,1.0,0.18485080068191362,0.9166666666666666,1.0,0.19444444444444442,1.0,0.7402103621910386
4,80,0.3,0.02,4,harmonic,0.15,True,0.1,0.8875372756008826,1.0,0.20638396229737874,0.8125,1.0,0.19444444444444442,1.0,0.9463661614225222,1.0,0.1367205442411419,1.0,1.0,0.26666666666666666,1.0,0.937055887840912,1.0,0.16005568063368256,0.9166666666666666,1.0,0.19444444444444442,1.0,0.7278135623546252
5,522,0.3,0.03,4,harmonic,0.15,True,0.1,0.8875372756008826,1.0,0.20638396229737874,0.8125,1.0,0.19444444444444442,1.0,0.9463661614225222,1.0,0.1367205442411419,1.0,1.0,0.26666666666666666,1.0,0.937055887840912,1.0,0.16005568063368256,0.9166666666666666,1.0,0.19444444444444442,1.0,0.7278135623546252
6,139,0.2,0.03,4,harmonic,0.15,True,0.1,0.8844778007821485,1.0,0.20969207298019307,0.8125,1.0,0.19444444444444442,1.0,0.9431964573268922,1.0,0.1401613012920687,0.9166666666666666,1.0,0.26666666666666666,1.0,0.9373130894870024,1.0,0.15934989913743133,0.9166666666666666,1.0,0.19444444444444442,1.0,0.7232574189095927
7,377,0.4,0.03,4,harmonic,0.2,True,0.1,0.8832035986226296,1.0,0.20874447836022092,0.8333333333333334,1.0,0.19444444444444442,1.0,0.9476061253055151,1.0,0.12724151669318606,0.9166666666666666,1.0,0.3333333333333333,1.0,0.9241032204435511,1.0,0.18630834140460073,0.9166666666666666,1.0,0.19444444444444442,1.0,0.7102040678218442
8,263,0.4,0.03,6,harmonic,0.2,True,0.1,0.8832035986226296,1.0,0.20874447836022092,0.8333333333333334,1.0,0.19444444444444442,1.0,0.9476061253055151,1.0,0.12724151669318606,0.9166666666666666,1.0,0.3333333333333333,1.0,0.9241032204435511,1.0,0.18630834140460073,0.9166666666666666,1.0,0.19444444444444442,1.0,0.7102040678218442
9,78,0.3,0.02,6,weighted,0.1,True,0.1,0.8793622038187255,1.0,0.21162073230107803,0.75,1.0,0.19444444444444442,1.0,0.9449134780052653,1.0,0.14516858947169461,1.0,1.0,0.26666666666666666,1.0,0.9303334994760114,1.0,0.1638612891798352,0.9166666666666666,1.0,0.19444444444444442,1.0,0.7096464995015719
10,537,0.3,0.02,8,weighted,0.1,True,0.1,0.8793622038187255,1.0,0.21162073230107803,0.75,1.0,0.19444444444444442,1.0,0.9449134780052653,1.0,0.14516858947169461,1.0,1.0,0.26666666666666666,1.0,0.9303334994760114,1.0,0.1638612891798352,0.9166666666666666,1.0,0.19444444444444442,1.0,0.7096464995015719
11,435,0.2,0.02,6,weighted,0.1,True,0.1,0.8755923625488843,1.0,0.21574606083139747,0.75,1.0,0.19444444444444442,1.0,0.9409966643662294,1.0,0.1495156362259114,1.0,1.0,0.26666666666666666,1.0,0.9306274442144007,1.0,0.1631459445129264,0.9166666666666666,1.0,0.19444444444444442,1.0,0.7047964113181505
12,768,0.2,0.02,4,weighted,0.1,True,0.1,0.8755923625488843,1.0,0.21574606083139747,0.75,1.0,0.19444444444444442,1.0,0.9409966643662294,1.0,0.1495156362259114,1.0,1.0,0.26666666666666666,1.0,0.9306274442144007,1.0,0.1631459445129264,0.9166666666666666,1.0,0.19444444444444442,1.0,0.7047964113181505
13,658,0.3,0.03,8,weighted,0.15,True,0.1,0.8754473072105923,1.0,0.2114626491628957,0.8333333333333334,1.0,0.19444444444444442,1.0,0.9638458621952984,1.0,0.11760946880137928,1.0,1.0,0.3,1.0,0.9074862186778452,1.0,0.18628084745164486,0.9166666666666666,1.0,0.19444444444444442,1.0,0.6997610101474835
14,575,0.3,0.02,6,weighted,0.15,True,0.1,0.8754473072105923,1.0,0.2114626491628957,0.8333333333333334,1.0,0.19444444444444442,1.0,0.9638458621952984,1.0,0.11760946880137928,1.0,1.0,0.3,1.0,0.9074862186778452,1.0,0.18628084745164486,0.9166666666666666,1.0,0.19444444444444442,1.0,0.6997610101474835
15,314,0.3,0.05,4,harmonic,0.15,True,0.1,0.8749748655948334,1.0,0.20182704240937552,0.75,1.0,0.19444444444444442,1.0,0.96339642495037,1.0,0.10520645481660724,1.0,1.0,0.38888888888888884,1.0,0.9070516916732698,1.0,0.179316769429511,0.9166666666666666,1.0,0.19444444444444442,1.0,0.6750696521227922
16,433,0.3,0.05,6,harmonic,0.2,True,0.1,0.8736893898729647,1.0,0.20884740744457675,0.75,1.0,0.19444444444444442,1.0,0.9643027545604035,1.0,0.10590006928068611,1.0,1.0,0.4444444444444444,1.0,0.8966294336664706,1.0,0.20000137144525218,0.8958333333333334,1.0,0.19444444444444442,1.0,0.6755616900544438
17,86,0.2,0.05,4,harmonic,0.15,True,0.1,0.8721187025534851,1.0,0.2049052378357832,0.7430555555555555,1.0,0.19444444444444442,1.0,0.9601017943409246,1.0,0.10919405456584219,1.0,1.0,0.38888888888888884,1.0,0.907651828847481,1.0,0.17850467264376493,0.9166666666666666,1.0,0.19444444444444442,1.0,0.670807453416149
18,334,0.2,0.03,4,weighted,0.15,True,0.1,0.8720669427191167,1.0,0.2159761761188479,0.8125,1.0,0.19444444444444442,1.0,0.9601593052680008,1.0,0.12296845540282952,1.0,1.0,0.3,1.0,0.9079393834828616,1.0,0.1854943390690702,0.9166666666666666,1.0,0.19444444444444442,1.0,0.6946169772256728
19,730,0.2,0.03,8,weighted,0.15,True,0.1,0.8720669427191167,1.0,0.2159761761188479,0.8125,1.0,0.19444444444444442,1.0,0.9601593052680008,1.0,0.12296845540282952,1.0,1.0,0.3,1.0,0.9079393834828616,1.0,0.1854943390690702,0.9166666666666666,1.0,0.19444444444444442,1.0,0.6946169772256728
20,690,0.2,0.02,4,weighted,0.15,True,0.1,0.8720669427191167,1.0,0.2159761761188479,0.8125,1.0,0.19444444444444442,1.0,0.9601593052680008,1.0,0.12296845540282952,1.0,1.0,0.3,1.0,0.9079393834828616,1.0,0.1854943390690702,0.9166666666666666,1.0,0.19444444444444442,1.0,0.6946169772256728
