variant,dim,used,first_split,splits_per_tree
max,gender,0.9238095238095239,0.09523809523809523,2.5904761904761906
max,race,0.8571428571428571,0.4857142857142857,0.9809523809523809
max,age,0.8571428571428571,0.2761904761904762,1.2476190476190476
max,education,0.45714285714285713,0.06666666666666667,0.5047619047619047
weighted,gender,0.2571428571428571,0.0,0.34285714285714286
weighted,race,0.3238095238095238,0.2857142857142857,0.3238095238095238
weighted,age,0.23809523809523808,0.08571428571428572,0.29523809523809524
weighted,education,0.09523809523809523,0.0,0.09523809523809523
min,gender,0.9904761904761905,0.02857142857142857,3.104761904761905
min,race,1.0,0.7428571428571429,1.0285714285714285
min,age,0.9714285714285714,0.1523809523809524,1.5142857142857142
min,education,0.5333333333333333,0.0761904761904762,0.6095238095238096
mean,gender,1.0,0.009523809523809525,3.057142857142857
mean,race,0.9809523809523809,0.6857142857142857,1.0571428571428572
mean,age,0.9904761904761905,0.24761904761904763,1.4952380952380953
mean,education,0.5714285714285714,0.05714285714285714,0.6666666666666666
harmonic,gender,0.5333333333333333,0.0380952380952381,0.9523809523809523
harmonic,race,0.580952380952381,0.4380952380952381,0.6095238095238096
harmonic,age,0.49523809523809526,0.1619047619047619,0.6857142857142857
harmonic,education,0.22857142857142856,0.01904761904761905,0.24761904761904763
