,max,max,weighted,weighted,min,min,mean,mean,harmonic,harmonic
,n_s,mean_peg,n_s,mean_peg,n_s,mean_peg,n_s,mean_peg,n_s,mean_peg
"(('age', 'Gen X+'), ('education', 'Degree+'), ('race', 'Black'))",3.0,0.5315656565656567,,,6.0,0.3815776815776815,6.0,0.3681979694234596,3.0,0.6454688131260407
"(('age', 'Gen X+'), ('gender', 'Man'), ('race', 'Hispanic/Latino'))",16.0,0.4758928571428572,1.0,0.6666666666666667,19.0,0.35877192982456146,17.0,0.3251167133520075,5.0,0.3154761904761905
"(('age', 'Millennial'), ('education', 'High School or Below'), ('race', 'Hispanic/Latino'))",2.0,0.2500000000000001,1.0,0.08333333333333343,1.0,0.75,4.0,0.36964285714285716,3.0,0.16111111111111118
"(('education', 'Degree+'), ('gender', 'Woman'), ('race', 'Asian'))",1.0,0.4,,,,,1.0,0.64,,
"(('gender', 'Man'), ('race', 'Black'))",1.0,0.7586206896551724,,,4.0,0.27596825644492984,1.0,0.3506996501749125,1.0,0.14318181818181816
"(('age', 'Gen X+'), ('gender', 'Woman'), ('race', 'Hispanic/Latino'))",14.0,0.3477891156462585,1.0,0.6666666666666667,19.0,0.37781954887218044,18.0,0.3278880070546737,4.0,0.3890168970814132
"(('age', 'Millennial'), ('education', 'Degree+'), ('race', 'Black'))",3.0,0.5315656565656567,,,7.0,0.36735962450248166,6.0,0.3681979694234596,3.0,0.6454688131260407
"(('education', 'High School or Below'), ('gender', 'Woman'), ('race', 'Asian'))",2.0,0.36666666666666664,,,2.0,0.35,1.0,0.64,,
"(('gender', 'Man'), ('race', 'Asian'))",1.0,0.7586206896551724,1.0,0.3833333333333334,1.0,0.2413793103448276,1.0,0.3506996501749125,1.0,0.36044776119402994
"(('gender', 'Woman'), ('race', 'Asian'))",1.0,0.44999999999999996,1.0,0.3833333333333334,1.0,0.75,1.0,0.59,2.0,0.2681072390686087
"(('age', 'Gen X+'), ('education', 'Degree+'), ('gender', 'Man'), ('race', 'White'))",2.0,0.31666666666666665,,,3.0,0.611111111111111,1.0,0.3333333333333333,1.0,0.052173913043478265
"(('age', 'Gen Z'), ('education', 'High School or Below'), ('race', 'Hispanic/Latino'))",1.0,0.7142857142857143,1.0,0.08333333333333343,,,2.0,0.3862433862433862,3.0,0.16111111111111118
"(('gender', 'Woman'), ('race', 'Hispanic/Latino'))",1.0,0.23569023569023573,,,,,,,1.0,0.6326536306072441
"(('age', 'Gen X+'), ('gender', 'Woman'), ('race', 'White'))",7.0,0.266852195423624,,,12.0,0.37545648795648795,13.0,0.33066825961562807,2.0,0.5628930817610063
"(('age', 'Millennial'), ('education', 'Degree+'), ('gender', 'Woman'), ('race', 'Hispanic/Latino'))",1.0,0.25,,,1.0,0.29999999999999993,1.0,0.5222222222222221,,
"(('education', 'High School or Below'), ('gender', 'Man'), ('race', 'Hispanic/Latino'))",1.0,0.7142857142857143,,,1.0,0.14285714285714285,1.0,0.3862433862433862,,
"(('race', 'Black'),)",1.0,0.16090425531914898,5.0,0.3112276091117526,2.0,0.5570146276595744,2.0,0.34471511817565903,4.0,0.18353048083271606
"(('age', 'Gen X+'), ('education', 'Degree+'), ('gender', 'Woman'), ('race', 'Hispanic/Latino'))",1.0,0.25,,,7.0,0.4714285714285715,3.0,0.45740740740740743,3.0,0.3557142857142858
"(('age', 'Gen X+'), ('gender', 'Man'), ('race', 'White'))",4.0,0.5,,,7.0,0.29523809523809524,9.0,0.3637860082304527,2.0,0.5628930817610063
"(('age', 'Millennial'), ('education', 'Degree+'))",1.0,0.6071428571428571,,,,,,,,
"(('age', 'Millennial'), ('race', 'Asian'))",2.0,0.30000000000000004,,,4.0,0.5546536796536797,5.0,0.3265175343175344,4.0,0.1853820931917882
"(('race', 'Asian'),)",1.0,0.46040723981900455,3.0,0.3659999136286017,,,,,2.0,0.10693379610777833
"(('age', 'Gen X+'), ('education', 'Degree+'), ('gender', 'Woman'), ('race', 'White'))",3.0,0.3539682539682539,,,7.0,0.5284580498866214,2.0,0.27532051282051284,2.0,0.08275755864688672
"(('age', 'Gen Z'), ('education', 'Degree+'), ('race', 'Black'))",3.0,0.32863247863247863,,,2.0,0.3153846153846154,3.0,0.3889014580191051,3.0,0.506115629068503
"(('age', 'Millennial'), ('education', 'Degree+'), ('race', 'Hispanic/Latino'))",,,1.0,0.32371794871794873,8.0,0.46189331501831504,4.0,0.4329441391941392,3.0,0.28311263579214835
"(('age', 'Millennial'), ('education', 'High School or Below'))",1.0,0.6071428571428571,,,1.0,0.4999999999999999,,,,
"(('education', 'Degree+'), ('gender', 'Man'), ('race', 'Hispanic/Latino'))",5.0,0.5045238095238095,,,1.0,0.523809523809524,2.0,0.44805996472663134,,
"(('age', 'Gen X+'), ('education', 'Degree+'), ('race', 'Hispanic/Latino'))",,,1.0,0.32371794871794873,,,,,,
"(('age', 'Gen X+'), ('gender', 'Man'), ('race', 'Asian'))",17.0,0.4407329598506069,2.0,0.17142857142857143,22.0,0.5204545454545454,18.0,0.3615196942974721,9.0,0.42053932890553924
"(('age', 'Gen X+'), ('gender', 'Woman'))",4.0,0.3571822442790185,1.0,0.16459627329192544,2.0,0.449404761904762,2.0,0.43322981366459634,1.0,0.287603505104912
"(('age', 'Millennial'), ('education', 'High School or Below'), ('gender', 'Man'), ('race', 'Hispanic/Latino'))",3.0,0.5833333333333334,,,4.0,0.3125,2.0,0.3083333333333333,,
"(('age', 'Gen X+'), ('gender', 'Man'), ('race', 'Black'))",3.0,0.5555555555555556,,,1.0,0.5,1.0,0.3703703703703704,,
"(('age', 'Gen X+'), ('gender', 'Woman'), ('race', 'Asian'))",13.0,0.3910256410256411,2.0,0.17142857142857143,22.0,0.5187229437229437,19.0,0.37489557226399334,10.0,0.4014362156871164
"(('age', 'Gen Z'), ('education', 'Degree+'), ('race', 'Hispanic/Latino'))",6.0,0.44603174603174606,1.0,0.32371794871794873,11.0,0.40768398268398265,10.0,0.32642280558947223,4.0,0.2540011435107779
"(('age', 'Gen X+'), ('education', 'Degree+'), ('gender', 'Man'), ('race', 'Hispanic/Latino'))",,,,,6.0,0.5000000000000001,2.0,0.425,3.0,0.3557142857142858
"(('age', 'Gen Z'), ('race', 'Asian'))",9.0,0.3602715186048519,2.0,0.13533333333333336,20.0,0.5190893134643135,14.0,0.3055635700278558,10.0,0.19277947949314522
"(('age', 'Gen Z'), ('race', 'Black'))",4.0,0.5520667198298778,,,2.0,0.2039473684210526,2.0,0.22944696628907157,1.0,0.1310469314079422
"(('age', 'Millennial'), ('education', 'Degree+'), ('gender', 'Woman'), ('race', 'Asian'))",2.0,0.33333333333333326,,,6.0,0.24027777777777778,1.0,0.40972222222222215,1.0,0.2328767123287671
"(('race', 'Hispanic/Latino'),)",1.0,0.17659574468085115,4.0,0.31104813818485927,,,3.0,0.18063517477967603,5.0,0.13931582457710295
