,max,max,avg,avg,min,min,mean,mean,harmonic,harmonic
,n_s,frac_toxic,n_s,frac_toxic,n_s,frac_toxic,n_s,frac_toxic,n_s,frac_toxic
"(('age', 'Gen X+'), ('gender', 'Woman'), ('race', 'Asian'))",13,1.0,2.0,1.0,22.0,0.9545454545454546,19.0,0.9473684210526315,10.0,1.0
"(('age', 'Millennial'), ('gender', 'Woman'), ('race', 'Asian'))",16,0.375,2.0,0.0,9.0,0.3333333333333333,13.0,0.38461538461538464,6.0,0.5
(),3,0.0,21.0,0.23809523809523808,,,1.0,0.0,12.0,0.25
"(('age', 'Gen X+'), ('gender', 'Woman'), ('race', 'Hispanic/Latino'))",14,0.5714285714285714,1.0,1.0,19.0,0.6842105263157895,18.0,0.7222222222222222,4.0,0.75
"(('age', 'Gen Z'), ('education', 'Degree+'), ('gender', 'Woman'), ('race', 'White'))",13,0.3076923076923077,,,21.0,0.42857142857142855,12.0,0.5,1.0,1.0
"(('race', 'White'),)",4,0.25,6.0,0.0,3.0,0.0,3.0,0.0,9.0,0.1111111111111111
"(('age', 'Gen Z'), ('education', 'Degree+'), ('gender', 'Woman'), ('race', 'Black'))",9,1.0,1.0,0.0,17.0,0.7058823529411765,17.0,0.6470588235294118,5.0,0.8
"(('race', 'Black'),)",1,0.0,5.0,0.0,2.0,0.0,2.0,0.0,4.0,0.25
"(('age', 'Gen Z'), ('race', 'Asian'))",5,0.6,1.0,1.0,13.0,0.6153846153846154,9.0,0.6666666666666666,7.0,0.7142857142857143
"(('race', 'Hispanic/Latino'),)",1,0.0,4.0,1.0,,,3.0,0.3333333333333333,5.0,0.6
"(('age', 'Gen X+'), ('gender', 'Man'), ('race', 'Asian'))",10,0.0,,,16.0,0.0,11.0,0.0,6.0,0.0
"(('age', 'Millennial'), ('education', 'High School or Below'), ('gender', 'Man'), ('race', 'Asian'))",11,0.6363636363636364,,,3.0,0.0,6.0,0.3333333333333333,,
"(('race', 'Asian'),)",1,0.0,3.0,1.0,,,,,2.0,0.0
"(('age', 'Gen Z'), ('education', 'Degree+'), ('gender', 'Man'), ('race', 'Black'))",9,0.4444444444444444,,,12.0,0.3333333333333333,11.0,0.45454545454545453,2.0,0.5
"(('age', 'Gen Z'), ('education', 'Degree+'), ('gender', 'Woman'), ('race', 'Hispanic/Latino'))",11,0.36363636363636365,,,15.0,0.26666666666666666,9.0,0.3333333333333333,,
"(('age', 'Gen Z'), ('education', 'High School or Below'), ('gender', 'Woman'), ('race', 'White'))",10,0.0,,,14.0,0.0,7.0,0.0,,
"(('age', 'Millennial'), ('gender', 'Man'), ('race', 'Asian'))",3,0.6666666666666666,2.0,1.0,5.0,0.8,4.0,1.0,5.0,1.0
"(('age', 'Millennial'), ('race', 'White'))",4,0.0,,,9.0,0.2222222222222222,10.0,0.1,3.0,0.0
"(('education', 'High School or Below'), ('race', 'Black'))",1,0.0,,,6.0,0.0,7.0,0.0,5.0,0.0
"(('age', 'Gen X+'), ('gender', 'Man'), ('race', 'Hispanic/Latino'))",9,0.0,1.0,0.0,11.0,0.0,10.0,0.0,4.0,0.0
"(('age', 'Gen X+'), ('gender', 'Woman'))",4,1.0,1.0,1.0,2.0,1.0,2.0,1.0,1.0,1.0
"(('age', 'Gen Z'), ('gender', 'Man'), ('race', 'Hispanic/Latino'))",5,0.6,,,12.0,0.75,5.0,0.8,2.0,1.0
"(('age', 'Millennial'), ('gender', 'Woman'), ('race', 'White'))",10,0.1,,,6.0,0.0,7.0,0.14285714285714285,,
"(('age', 'Gen X+'), ('race', 'Black'))",10,0.3,,,8.0,0.5,9.0,0.3333333333333333,3.0,1.0
"(('age', 'Millennial'), ('race', 'Black'))",10,0.1,,,9.0,0.1111111111111111,9.0,0.0,4.0,0.25
