subgroup,n_s,mean_peg,mean_true_alpha
"(('education', 'low'), ('orientation', 'heterosexual'), ('politics', 'left'))",2,0.8042564812220723,0.8062567802148346
"(('gender', 'non-binary'), ('politics', 'right'))",2,0.7883339249056558,0.6868852226239208
"(('orientation', 'heterosexual'),)",5,0.7769004010994578,0.7939852023126183
"(('gender', 'female'), ('orientation', 'heterosexual'), ('politics', 'left'))",1,0.768888888888889,0.7212198402927337
"(('education', 'medium'), ('orientation', 'heterosexual'), ('politics', 'right'))",2,0.767854272164617,0.8062567802148346
"(('education', 'high'), ('orientation', 'heterosexual'), ('politics', 'right'))",2,0.7480669838045519,0.8062567802148346
"(('education', 'low'), ('orientation', 'heterosexual'), ('politics', 'right'))",1,0.7347027972027972,0.6946412058942388
"(('education', 'high'), ('orientation', 'heterosexual'), ('politics', 'left'))",1,0.7339097878409699,0.6946412058942388
"(('education', 'medium'), ('orientation', 'heterosexual'), ('politics', 'left'))",1,0.7339097878409699,0.6946412058942388
"(('age', '25-50'), ('gender', 'male'), ('politics', 'right'))",2,0.7191856199559794,0.48714275831652915
"(('age', '25-50'), ('gender', 'non-binary'), ('politics', 'right'))",1,0.710401891252955,0.4725751781691244
"(('orientation', 'lgbtq+'),)",5,0.6991933379927047,0.7764989756508434
"(('age', '25-50'), ('orientation', 'lgbtq+'), ('politics', 'center'))",1,0.6782352941176473,0.5722105323197085
"(('age', '>50'), ('orientation', 'lgbtq+'), ('politics', 'left'))",1,0.6614420062695925,0.471903584155
"(('gender', 'male'), ('orientation', 'heterosexual'), ('politics', 'left'))",3,0.6600435235257427,0.5432355368766957
"(('education', 'low'), ('orientation', 'lgbtq+'), ('politics', 'left'))",2,0.6446469251514715,0.6823257423710298
"(('age', '25-50'), ('orientation', 'lgbtq+'), ('politics', 'left'))",2,0.6426841001098128,0.5220570582373543
"(('education', 'low'), ('gender', 'non-binary'), ('orientation', 'heterosexual'))",2,0.6400276563596136,0.5001845799191068
"(('age', '25-50'), ('education', 'high'), ('orientation', 'lgbtq+'))",1,0.635177304964539,0.6611385663493476
"(('age', '<25'), ('education', 'low'), ('orientation', 'lgbtq+'))",1,0.6178107606679036,0.6611385663493476
"(('age', '<25'), ('education', 'low'), ('orientation', 'heterosexual'))",1,0.6178107606679036,0.6611385663493476
"(('age', '>50'), ('education', 'high'), ('orientation', 'heterosexual'))",1,0.612201666431295,0.6611385663493476
"(('age', '25-50'), ('gender', 'female'), ('politics', 'right'))",2,0.5912278816534136,0.548407905256859
"(('education', 'high'), ('orientation', 'lgbtq+'), ('politics', 'center'))",2,0.5822039246232444,0.8062567802148346
"(('education', 'high'), ('orientation', 'heterosexual'), ('politics', 'center'))",2,0.5814155744738735,0.6823257423710298
"(('education', 'medium'), ('orientation', 'lgbtq+'), ('politics', 'right'))",2,0.577239664169872,0.6823257423710298
"(('age', '25-50'), ('education', 'medium'), ('politics', 'right'))",2,0.5723712846771788,0.6880707337211143
"(('age', '>50'), ('gender', 'male'), ('politics', 'left'))",4,0.5688806844650247,0.5133885231348645
"(('age', '25-50'), ('orientation', 'heterosexual'), ('politics', 'center'))",1,0.5605769230769231,0.6725280641513889
"(('education', 'high'), ('gender', 'male'), ('orientation', 'heterosexual'))",3,0.559424595179744,0.6365626539628085
"(('education', 'high'), ('orientation', 'lgbtq+'), ('politics', 'right'))",2,0.557452375809807,0.6823257423710298
"(('age', '25-50'), ('education', 'low'), ('politics', 'center'))",5,0.55721022237066,0.6515080817937282
"(('education', 'low'), ('gender', 'male'), ('orientation', 'heterosexual'))",4,0.5432618709582226,0.6175511842366462
"(('age', '>50'), ('education', 'low'), ('politics', 'center'))",3,0.5424188089941515,0.5804414444538261
"(('age', '25-50'), ('gender', 'male'), ('politics', 'left'))",5,0.5422480882967206,0.4938165217417952
"(('age', '25-50'), ('education', 'medium'), ('orientation', 'lgbtq+'))",1,0.5403846153846155,0.6611385663493476
"(('education', 'medium'), ('orientation', 'lgbtq+'), ('politics', 'center'))",2,0.5350761777064292,0.8062567802148346
"(('education', 'medium'), ('orientation', 'heterosexual'), ('politics', 'center'))",2,0.5342878275570584,0.6823257423710298
"(('age', '<25'), ('orientation', 'heterosexual'), ('politics', 'right'))",2,0.5331636703264302,0.5431730648670312
"(('gender', 'non-binary'), ('orientation', 'heterosexual'), ('politics', 'left'))",3,0.5295303453507608,0.41651458670658353
"(('age', '25-50'), ('gender', 'female'), ('politics', 'left'))",3,0.5294395394087023,0.4477105459668161
"(('age', '>50'), ('gender', 'male'), ('politics', 'center'))",5,0.5277788584754921,0.5329143922909619
"(('education', 'low'), ('gender', 'non-binary'), ('politics', 'right'))",3,0.5272714286955487,0.4834430053661786
"(('education', 'medium'), ('gender', 'female'))",2,0.5250502246247893,0.7650076467625812
"(('age', '25-50'), ('gender', 'non-binary'), ('politics', 'left'))",4,0.522560688091436,0.4918430675612605
"(('age', '<25'), ('education', 'low'), ('gender', 'female'))",3,0.5215341488277268,0.5640175850124833
"(('age', '<25'), ('gender', 'male'), ('politics', 'left'))",2,0.5211604478255619,0.47288712587480086
"(('gender', 'non-binary'), ('orientation', 'heterosexual'), ('politics', 'right'))",3,0.5125143225237195,0.4936275854752406
"(('gender', 'male'), ('orientation', 'heterosexual'), ('politics', 'right'))",3,0.5036172227173,0.41651458670658353
"(('education', 'high'), ('gender', 'male'), ('orientation', 'lgbtq+'))",3,0.501632468402066,0.6777405222635163
"(('gender', 'male'), ('orientation', 'heterosexual'), ('politics', 'center'))",6,0.49919264890877485,0.5502183509749726
"(('gender', 'male'), ('politics', 'right'))",3,0.4984936488004559,0.6510402061477625
"(('education', 'medium'), ('gender', 'male'), ('orientation', 'heterosexual'))",2,0.49839777961618204,0.45955742925508225
"(('age', '25-50'), ('education', 'medium'), ('politics', 'left'))",6,0.49687241183382147,0.6620731595282743
"(('gender', 'male'), ('orientation', 'lgbtq+'), ('politics', 'left'))",2,0.4968702100512926,0.6351044992245707
"(('gender', 'male'),)",6,0.4965269748215128,0.8611920663717257
"(('age', '>50'),)",6,0.4934782257316613,0.8971866075627615
"(('age', '>50'), ('education', 'medium'), ('orientation', 'heterosexual'))",1,0.4917748917748918,0.6611385663493476
"(('age', '<25'), ('orientation', 'heterosexual'), ('politics', 'center'))",4,0.4907834295075611,0.5598305830751845
"(('education', 'low'), ('gender', 'non-binary'), ('politics', 'left'))",3,0.4904209856347565,0.5339213627418833
"(('education', 'high'),)",9,0.48977553590027306,0.8248188658966737
"(('gender', 'female'), ('orientation', 'lgbtq+'), ('politics', 'left'))",3,0.4869383043432962,0.5658620726641129
"(('education', 'high'), ('gender', 'non-binary'), ('politics', 'right'))",4,0.4858735429719608,0.5833187620046779
"(('education', 'medium'), ('gender', 'non-binary'), ('politics', 'right'))",3,0.48539287406533066,0.6480434713639905
"(('education', 'medium'), ('gender', 'male'), ('politics', 'left'))",2,0.4839688900862876,0.45435622060698205
"(('education', 'low'), ('gender', 'non-binary'), ('politics', 'center'))",3,0.482782737022877,0.4834430053661786
"(('age', '25-50'), ('orientation', 'lgbtq+'), ('politics', 'right'))",2,0.48238629472407524,0.6223692982355487
"(('gender', 'female'),)",6,0.48208973292894636,0.846462603559038
"(('age', '<25'), ('gender', 'female'), ('politics', 'left'))",2,0.48138791423001953,0.3882807814834073
"(('age', '>50'), ('education', 'medium'), ('politics', 'left'))",4,0.4797847915101066,0.5202602532034586
"(('education', 'medium'), ('orientation', 'heterosexual'))",1,0.47960199004975135,0.844780080731804
"(('age', '>50'), ('gender', 'male'), ('politics', 'right'))",5,0.4789851630841933,0.45997398398523776
"(('age', '<25'),)",4,0.4779504249532059,0.8859222956708783
"(('age', '>50'), ('education', 'high'), ('gender', 'male'))",3,0.47705378277221056,0.5810289156793768
"(('education', 'medium'), ('gender', 'non-binary'), ('orientation', 'heterosexual'))",4,0.47506953636051497,0.56889298584761
"(('age', '>50'), ('gender', 'non-binary'), ('orientation', 'lgbtq+'))",4,0.4739755865412998,0.7497044261800443
"(('education', 'medium'), ('gender', 'female'), ('politics', 'left'))",2,0.4730425216434687,0.45435622060698205
"(('age', '<25'), ('education', 'high'), ('gender', 'female'))",2,0.47107673344567175,0.45746253711648444
"(('age', '25-50'), ('gender', 'non-binary'), ('orientation', 'heterosexual'))",10,0.4696868423610125,0.5842528897028686
"(('age', '25-50'), ('gender', 'male'), ('orientation', 'heterosexual'))",8,0.4695978331963513,0.6812786298903273
"(('age', '25-50'), ('education', 'medium'), ('politics', 'center'))",5,0.46906035792408574,0.7265444555434579
"(('age', '25-50'),)",5,0.4684611093842574,0.8784804838849493
"(('age', '>50'), ('gender', 'male'), ('orientation', 'lgbtq+'))",10,0.4654758635367887,0.6343673930523939
"(('age', '>50'), ('gender', 'female'), ('orientation', 'lgbtq+'))",8,0.46539899698094683,0.6358479121756422
"(('education', 'medium'),)",9,0.46159487969609053,0.8203604080856297
"(('age', '>50'), ('gender', 'non-binary'), ('orientation', 'heterosexual'))",3,0.46151854488382565,0.37875968847556674
"(('age', '25-50'), ('gender', 'male'), ('politics', 'center'))",3,0.4600150741622652,0.5073830755176992
"(('age', '<25'), ('gender', 'non-binary'), ('politics', 'left'))",5,0.45926691944686215,0.4756281334438355
"(('age', '25-50'), ('gender', 'male'), ('orientation', 'lgbtq+'))",8,0.45888698441222603,0.5716276503657826
"(('education', 'high'), ('gender', 'non-binary'), ('politics', 'center'))",4,0.457836586907832,0.5833187620046779
"(('gender', 'non-binary'),)",5,0.456978271785376,0.8445659415741555
"(('age', '25-50'), ('orientation', 'heterosexual'), ('politics', 'left'))",3,0.4553531381736237,0.5722158241531945
"(('education', 'high'), ('gender', 'non-binary'), ('orientation', 'heterosexual'))",4,0.4522809668545661,0.5523987399053566
"(('education', 'low'), ('gender', 'female'), ('politics', 'left'))",4,0.4514883144845556,0.6035784863177275
"(('age', '>50'), ('gender', 'non-binary'), ('politics', 'left'))",2,0.44980902723753347,0.548407905256859
"(('age', '25-50'), ('education', 'low'), ('politics', 'left'))",6,0.44733179973083,0.6577259021573213
"(('education', 'low'),)",9,0.4430773609234062,0.812055916955587
"(('education', 'high'), ('orientation', 'heterosexual'))",1,0.44187986651835365,0.844780080731804
"(('politics', 'left'),)",8,0.4390591492524254,0.752626727999345
"(('age', '<25'), ('gender', 'non-binary'), ('orientation', 'heterosexual'))",9,0.436316136262111,0.6115000541639277
"(('gender', 'female'), ('orientation', 'heterosexual'))",3,0.4361093207942773,0.6263228341108583
"(('education', 'high'), ('gender', 'female'))",3,0.43549875528464316,0.7896881848354692
"(('age', '>50'), ('education', 'high'), ('gender', 'non-binary'))",4,0.4340390744367982,0.5810289156793768
"(('gender', 'female'), ('orientation', 'heterosexual'), ('politics', 'center'))",5,0.4322994536928861,0.5459154935799768
"(('gender', 'male'), ('orientation', 'heterosexual'))",3,0.42994172228292776,0.6962715046953175
"(('age', '25-50'), ('gender', 'non-binary'), ('orientation', 'lgbtq+'))",6,0.4289169565492658,0.5196534232727207
"(('age', '>50'), ('gender', 'female'), ('orientation', 'heterosexual'))",5,0.42726284493903843,0.5645894708677881
"(('age', '<25'), ('orientation', 'heterosexual'), ('politics', 'left'))",4,0.4254994780098964,0.589139582715246
"(('gender', 'non-binary'), ('orientation', 'heterosexual'), ('politics', 'center'))",4,0.424545813967986,0.48582530949792035
"(('age', '25-50'), ('education', 'low'), ('politics', 'right'))",3,0.4239606115788848,0.5800112595279361
"(('age', '<25'), ('education', 'high'), ('gender', 'non-binary'))",2,0.42139105279267014,0.5913970596704816
"(('age', '>50'), ('gender', 'male'), ('orientation', 'heterosexual'))",5,0.4211464059625273,0.507860649439679
"(('gender', 'female'), ('orientation', 'lgbtq+'), ('politics', 'center'))",5,0.4207998934621203,0.5155125089266742
"(('age', '>50'), ('orientation', 'heterosexual'), ('politics', 'left'))",4,0.4201117621799747,0.5722140602086991
"(('gender', 'male'), ('orientation', 'lgbtq+'), ('politics', 'center'))",3,0.41978063922772596,0.6468079131905511
"(('gender', 'female'), ('politics', 'right'))",3,0.41938993881240805,0.6377648013066636
"(('age', '>50'), ('education', 'low'), ('gender', 'male'))",3,0.4181746958503605,0.4829795331168246
"(('age', '<25'), ('education', 'medium'))",2,0.41815031530438995,0.8692880280950612
"(('politics', 'right'),)",7,0.417968259381938,0.7231985185136391
"(('education', 'low'), ('gender', 'male'), ('politics', 'left'))",3,0.4178550843770932,0.7310691814005885
"(('age', '<25'), ('education', 'medium'), ('gender', 'female'))",4,0.41654253941583835,0.42354839573062725
"(('age', '>50'), ('education', 'medium'), ('politics', 'center'))",3,0.41542296043767113,0.5804414444538261
"(('education', 'medium'), ('orientation', 'lgbtq+'), ('politics', 'left'))",1,0.41469067569976836,0.4467791302066292
"(('education', 'high'), ('orientation', 'lgbtq+'), ('politics', 'left'))",1,0.41469067569976836,0.4467791302066292
"(('education', 'low'), ('gender', 'male'), ('orientation', 'lgbtq+'))",5,0.41024719021202555,0.6305013465918806
"(('education', 'high'), ('politics', 'left'))",3,0.4093716356842351,0.9325409558698553
"(('education', 'high'), ('gender', 'female'), ('orientation', 'lgbtq+'))",1,0.40869565217391296,0.7351946209373769
"(('age', '>50'), ('education', 'high'), ('orientation', 'lgbtq+'))",2,0.4071917423065566,0.6611385663493476
"(('politics', 'center'),)",8,0.407095954988798,0.7394418503059454
"(('education', 'medium'), ('gender', 'non-binary'), ('politics', 'center'))",3,0.40568202423368627,0.8148948510919027
"(('age', '>50'), ('orientation', 'heterosexual'), ('politics', 'center'))",3,0.4028060732903665,0.5750622449621281
"(('age', '>50'), ('education', 'medium'), ('politics', 'right'))",3,0.40103038372054156,0.5954409848168685
"(('age', '>50'), ('education', 'medium'), ('gender', 'female'))",2,0.3993441001130641,0.35572011295891304
"(('age', '<25'), ('gender', 'male'), ('orientation', 'heterosexual'))",5,0.39863325526282917,0.5797035416818769
"(('age', '>50'), ('gender', 'female'), ('politics', 'left'))",1,0.39769392033542983,0.4725751781691244
"(('education', 'high'), ('gender', 'female'), ('politics', 'left'))",2,0.39742311703059363,0.4727456055738302
"(('age', '>50'), ('politics', 'left'))",4,0.39700604411304136,0.7040248426557931
"(('age', '>50'), ('education', 'high'), ('politics', 'center'))",6,0.39612624922998557,0.5608637038075185
"(('age', '<25'), ('gender', 'male'), ('orientation', 'lgbtq+'))",6,0.39515816807468407,0.5419825402048442
"(('gender', 'non-binary'), ('orientation', 'lgbtq+'), ('politics', 'left'))",3,0.3941139887295296,0.5166939121068825
"(('age', '25-50'), ('gender', 'female'), ('orientation', 'heterosexual'))",8,0.3940188189401784,0.6422878705010079
"(('age', '<25'), ('education', 'medium'), ('politics', 'right'))",3,0.39172801234849985,0.6431657839962506
"(('age', '>50'), ('education', 'low'), ('politics', 'left'))",4,0.39053342921476186,0.6075348343341913
"(('age', '>50'), ('orientation', 'lgbtq+'), ('politics', 'center'))",1,0.3877627627627628,0.48044813841528683
"(('age', '<25'), ('gender', 'female'), ('orientation', 'heterosexual'))",8,0.38548718403101095,0.6370417627334737
"(('education', 'high'), ('gender', 'male'), ('politics', 'left'))",2,0.38215558698727015,0.4689124279561883
"(('age', '>50'), ('education', 'low'), ('gender', 'female'))",2,0.38178370032223413,0.7771276808044811
"(('education', 'medium'), ('gender', 'female'), ('politics', 'right'))",3,0.38151255695560554,0.5140465215439576
"(('gender', 'female'), ('orientation', 'heterosexual'), ('politics', 'right'))",1,0.3805607476635514,0.3410569897823972
"(('education', 'high'), ('gender', 'female'), ('politics', 'center'))",2,0.3792098918760958,0.6322888113287015
"(('age', '<25'), ('gender', 'non-binary'), ('orientation', 'lgbtq+'))",6,0.3778246774085716,0.6740938437413444
"(('education', 'medium'), ('gender', 'female'), ('orientation', 'heterosexual'))",4,0.3774746828736343,0.5652740648607059
"(('age', '<25'), ('education', 'medium'), ('politics', 'center'))",4,0.3719333307720035,0.6937356461890962
"(('education', 'high'), ('gender', 'non-binary'), ('politics', 'left'))",2,0.3717564391711129,0.3517426729174531
"(('age', '25-50'), ('education', 'medium'), ('gender', 'female'))",5,0.37022569933644545,0.4405597263975207
"(('education', 'high'), ('gender', 'female'), ('politics', 'right'))",2,0.3685507664953459,0.6322888113287015
"(('age', '>50'), ('education', 'medium'), ('gender', 'non-binary'))",5,0.3684411467481056,0.5810289156793768
"(('education', 'high'), ('gender', 'female'), ('orientation', 'heterosexual'))",4,0.3666274467675106,0.636339891279117
"(('orientation', 'lgbtq+'), ('politics', 'right'))",1,0.36363077742388084,0.9506114536234842
"(('age', '25-50'), ('education', 'high'), ('orientation', 'heterosexual'))",2,0.36292067894637137,0.6611385663493476
"(('education', 'medium'), ('gender', 'male'), ('orientation', 'lgbtq+'))",3,0.361469701435244,0.629786303601999
"(('age', '<25'), ('education', 'low'), ('politics', 'center'))",6,0.36104533794852117,0.631671922279626
"(('age', '>50'), ('education', 'medium'), ('gender', 'male'))",5,0.3604884359693645,0.5810289156793768
"(('age', '>50'), ('education', 'high'), ('politics', 'right'))",8,0.35831188157180904,0.5929350826574481
"(('education', 'low'), ('politics', 'right'))",5,0.357716370511317,0.8525294997201887
"(('age', '<25'), ('gender', 'female'), ('orientation', 'lgbtq+'))",7,0.35707590713988263,0.5917383198773506
"(('education', 'medium'), ('gender', 'female'), ('orientation', 'lgbtq+'))",2,0.3565372610024047,0.6488208813287208
"(('age', '<25'), ('gender', 'male'), ('politics', 'center'))",3,0.3553201155119314,0.5692778931430231
"(('education', 'low'), ('orientation', 'lgbtq+'), ('politics', 'right'))",1,0.3534735812133072,0.4467791302066292
"(('age', '25-50'), ('gender', 'female'), ('orientation', 'lgbtq+'))",6,0.35071915114092617,0.49046445199708383
"(('education', 'medium'), ('gender', 'non-binary'), ('orientation', 'lgbtq+'))",3,0.3502246535141273,0.7207522093209966
"(('age', '25-50'), ('education', 'low'), ('gender', 'female'))",5,0.349800448000172,0.5810289156793768
"(('education', 'high'), ('gender', 'non-binary'), ('orientation', 'lgbtq+'))",2,0.34926487855609223,0.5488549866634399
"(('age', '>50'), ('education', 'medium'), ('orientation', 'lgbtq+'))",2,0.34697835497835494,0.6611385663493476
"(('education', 'medium'), ('gender', 'female'), ('politics', 'center'))",3,0.3462903987966328,0.6138994263618534
"(('age', '>50'), ('gender', 'female'), ('politics', 'right'))",4,0.3460258361371654,0.4918430675612605
"(('age', '<25'), ('education', 'high'))",2,0.34473735400592986,0.7476601627389184
"(('age', '<25'), ('education', 'medium'), ('politics', 'left'))",7,0.3446555061061658,0.5494142148565169
"(('age', '>50'), ('gender', 'female'))",6,0.34119287757064626,0.6760765869548512
"(('gender', 'non-binary'), ('orientation', 'heterosexual'))",2,0.3382647744134451,0.747101343002296
"(('education', 'high'), ('gender', 'male'), ('politics', 'center'))",2,0.3365762711864406,0.6284556337110596
"(('age', '25-50'), ('education', 'high'), ('politics', 'center'))",5,0.3363265069415964,0.6076207899982837
"(('age', '<25'), ('education', 'medium'), ('orientation', 'heterosexual'))",1,0.33580155497963715,0.3302327152371725
"(('age', '<25'), ('education', 'medium'), ('orientation', 'lgbtq+'))",1,0.33580155497963715,0.3302327152371725
"(('education', 'medium'), ('gender', 'male'), ('politics', 'center'))",3,0.3353305839942909,0.6138994263618534
"(('education', 'low'), ('gender', 'female'), ('orientation', 'heterosexual'))",5,0.33367819430687296,0.5247223223664653
"(('age', '<25'), ('education', 'high'), ('politics', 'center'))",7,0.33186200450373227,0.5655744715923073
"(('orientation', 'heterosexual'), ('politics', 'right'))",4,0.33126520441958274,0.6466412811683883
"(('education', 'low'), ('gender', 'female'), ('politics', 'center'))",2,0.3293892962522431,0.47608779123486644
"(('education', 'low'), ('gender', 'female'), ('politics', 'right'))",2,0.3293892962522431,0.47608779123486644
"(('age', '>50'), ('gender', 'female'), ('politics', 'center'))",2,0.32539761123831923,0.5805719873633226
"(('age', '<25'), ('education', 'high'), ('politics', 'right'))",8,0.3179250041036949,0.5564893656078258
"(('age', '>50'), ('education', 'low'), ('politics', 'right'))",4,0.31761715999512274,0.6313492835852085
"(('age', '<25'), ('gender', 'non-binary'), ('politics', 'right'))",6,0.31667383557353046,0.4945840751302951
"(('age', '<25'), ('gender', 'non-binary'), ('politics', 'center'))",7,0.31662848932376697,0.5230535241402582
"(('education', 'medium'), ('gender', 'male'))",2,0.3162506846788253,0.7765738745442008
"(('age', '25-50'), ('education', 'medium'), ('orientation', 'heterosexual'))",2,0.3155243341564097,0.6611385663493476
"(('education', 'low'), ('orientation', 'lgbtq+'), ('politics', 'center'))",1,0.31419997446047765,0.6946412058942388
"(('education', 'low'), ('orientation', 'heterosexual'), ('politics', 'center'))",1,0.31262327416173574,0.4467791302066292
"(('gender', 'non-binary'), ('orientation', 'lgbtq+'), ('politics', 'right'))",4,0.3083358144764277,0.5938069108755397
"(('age', '<25'), ('gender', 'female'), ('politics', 'right'))",5,0.30809245017208403,0.52521664860046
"(('education', 'medium'), ('gender', 'male'), ('politics', 'right'))",4,0.3051952583693337,0.5284163850693975
"(('age', '>50'), ('education', 'low'), ('gender', 'non-binary'))",5,0.3051706310272098,0.4829795331168246
"(('age', '<25'), ('orientation', 'lgbtq+'), ('politics', 'center'))",3,0.30419334731795244,0.47617586128514344
"(('age', '>50'), ('gender', 'non-binary'), ('politics', 'right'))",3,0.30401649083159654,0.4477105459668161
"(('age', '25-50'), ('gender', 'male'))",5,0.3025078330831883,0.6684278024842957
"(('age', '>50'), ('education', 'high'), ('politics', 'left'))",6,0.3019155574487608,0.6050931086785509
"(('age', '<25'), ('education', 'high'), ('gender', 'male'))",3,0.30111274058725884,0.5913970596704816
"(('gender', 'female'), ('orientation', 'lgbtq+'), ('politics', 'right'))",4,0.29363403300069923,0.4391411224940008
"(('age', '<25'), ('education', 'low'), ('gender', 'male'))",2,0.2927912699717974,0.40566643853648215
"(('age', '<25'), ('gender', 'female'), ('politics', 'center'))",3,0.29204834232285215,0.5387239727628171
"(('age', '<25'), ('education', 'medium'), ('gender', 'non-binary'))",3,0.29138667737485235,0.5913970596704816
"(('age', '>50'), ('gender', 'non-binary'), ('politics', 'center'))",4,0.28985374653495405,0.5453957157039523
"(('age', '<25'), ('orientation', 'lgbtq+'), ('politics', 'right'))",3,0.2876292943279666,0.5722158241531945
"(('education', 'low'), ('politics', 'center'))",5,0.2868754456101761,0.8091917012938392
"(('age', '>50'), ('orientation', 'lgbtq+'), ('politics', 'right'))",1,0.28653729533050326,0.6725280641513889
"(('age', '>50'), ('orientation', 'heterosexual'))",6,0.2808945325695959,0.7201652385547045
"(('gender', 'non-binary'), ('orientation', 'lgbtq+'), ('politics', 'center'))",2,0.2712551803567109,0.6600355883818427
"(('orientation', 'heterosexual'), ('politics', 'left'))",2,0.2699357001577941,0.6865700069912406
"(('age', '>50'), ('politics', 'right'))",2,0.2674988167743142,0.695508884284474
"(('age', '25-50'), ('education', 'medium'), ('gender', 'non-binary'))",2,0.2620425983024887,0.7771276808044811
"(('age', '<25'), ('education', 'low'), ('politics', 'left'))",9,0.26145936138838377,0.5902750248927885
"(('age', '>50'), ('orientation', 'heterosexual'), ('politics', 'right'))",1,0.26007853403141357,0.5722105323197085
"(('age', '<25'), ('gender', 'female'))",4,0.2588350166405273,0.6426492686701152
"(('age', '25-50'), ('education', 'high'), ('gender', 'female'))",6,0.2581220671737206,0.4267665927139384
"(('age', '<25'), ('education', 'low'), ('politics', 'right'))",6,0.25668544746633964,0.6177216246084862
"(('education', 'high'), ('gender', 'male'), ('politics', 'right'))",3,0.25365236620964177,0.6094790810226122
"(('age', '25-50'), ('education', 'high'), ('politics', 'right'))",4,0.2534971504469647,0.4571335421929861
"(('age', '<25'), ('gender', 'male'), ('politics', 'right'))",3,0.2510003237997136,0.5107990092477201
"(('age', '25-50'), ('education', 'medium'))",2,0.246949430611851,0.6580097677022414
"(('age', '<25'), ('education', 'low'), ('gender', 'non-binary'))",2,0.24568027096078254,0.40566643853648215
"(('age', '>50'), ('gender', 'non-binary'))",5,0.24416714669059333,0.6613855375243962
"(('age', '<25'), ('orientation', 'lgbtq+'))",4,0.2435031994013474,0.6868580817789853
"(('age', '<25'), ('education', 'medium'), ('gender', 'male'))",5,0.2399895087675698,0.5913970596704816
"(('age', '25-50'), ('education', 'medium'), ('gender', 'male'))",3,0.23178816163124508,0.7771276808044811
"(('education', 'medium'), ('politics', 'left'))",4,0.229734939190156,0.7445640242537992
"(('age', '<25'), ('politics', 'left'))",3,0.22929264262491875,0.6099644435814291
"(('age', '25-50'), ('education', 'high'), ('gender', 'non-binary'))",4,0.22858196679946674,0.5457341963563236
"(('age', '>50'), ('politics', 'center'))",2,0.2282302273338721,0.7489698594919755
"(('age', '>50'), ('education', 'low'), ('orientation', 'heterosexual'))",1,0.22812051649928267,0.581757674166604
"(('age', '25-50'), ('gender', 'female'))",4,0.22659156916427253,0.5898988234140622
"(('age', '<25'), ('orientation', 'lgbtq+'), ('politics', 'left'))",2,0.22654732531061433,0.48044813841528683
"(('age', '<25'), ('education', 'high'), ('politics', 'left'))",9,0.2233060906407235,0.5633129343940713
"(('education', 'low'), ('gender', 'non-binary'), ('orientation', 'lgbtq+'))",1,0.2210260499734184,0.44725256465436236
"(('education', 'low'), ('gender', 'female'), ('orientation', 'lgbtq+'))",3,0.22071389473283543,0.4574050195879768
"(('age', '25-50'), ('education', 'high'))",2,0.21873727517763603,0.7796376330583842
"(('age', '25-50'), ('gender', 'non-binary'), ('politics', 'center'))",3,0.2184909701721082,0.4980626904919679
"(('education', 'low'), ('gender', 'female'))",1,0.2182140326009922,0.6378293749681163
"(('education', 'medium'), ('politics', 'right'))",3,0.2164577828451585,0.794637879920097
"(('age', '25-50'), ('education', 'high'), ('politics', 'left'))",5,0.21588615613514417,0.6969221601802597
"(('age', '>50'), ('education', 'low'), ('orientation', 'lgbtq+'))",2,0.2151511673405504,0.581757674166604
"(('orientation', 'lgbtq+'), ('politics', 'center'))",3,0.21407249889429977,0.7086286838797768
"(('age', '25-50'), ('orientation', 'lgbtq+'))",5,0.21181253719758703,0.7803738944576928
"(('age', '25-50'), ('politics', 'left'))",1,0.2097902097902098,0.7919723702596935
"(('gender', 'male'), ('orientation', 'lgbtq+'), ('politics', 'right'))",3,0.20883695929183435,0.44502307396940244
"(('age', '25-50'), ('orientation', 'heterosexual'))",3,0.2082879441979045,0.7482546809419381
"(('age', '25-50'), ('education', 'high'), ('gender', 'male'))",4,0.20509393998744224,0.5457341963563236
"(('gender', 'male'), ('orientation', 'lgbtq+'))",2,0.19822040607119704,0.534807514667718
"(('education', 'low'), ('gender', 'male'))",3,0.19689390301644408,0.7896881848354692
"(('orientation', 'lgbtq+'), ('politics', 'left'))",3,0.1964675478164347,0.7929256367267431
"(('education', 'medium'), ('gender', 'non-binary'))",4,0.19626240993032595,0.7222717322393232
"(('age', '<25'), ('orientation', 'heterosexual'))",3,0.19507740726340786,0.7296514097411189
"(('age', '>50'), ('education', 'medium'))",3,0.19253896353508695,0.7437467068998469
"(('age', '25-50'), ('politics', 'center'))",3,0.19097349645151832,0.6998940093581091
"(('age', '>50'), ('education', 'low'))",3,0.1886463573326823,0.7217404790024299
"(('age', '25-50'), ('education', 'low'))",3,0.18324609746687603,0.6970435178873151
"(('gender', 'male'), ('politics', 'left'))",1,0.18172166305686502,0.6647798959129527
"(('age', '25-50'), ('gender', 'non-binary'))",5,0.1776931822441956,0.7110643779151926
"(('gender', 'non-binary'), ('orientation', 'lgbtq+'))",6,0.17703317291218948,0.6338726022941531
"(('education', 'low'), ('gender', 'non-binary'))",5,0.17217668087885962,0.8126809001306963
"(('education', 'high'), ('politics', 'center'))",1,0.17037939436129484,0.6231998117741975
"(('age', '<25'), ('politics', 'right'))",3,0.16948607472632893,0.8085527659969157
"(('age', '<25'), ('gender', 'male'))",7,0.1665208264794122,0.6631262028002387
"(('gender', 'non-binary'), ('politics', 'center'))",1,0.1638386492606156,0.6691643348115923
"(('gender', 'non-binary'), ('politics', 'left'))",1,0.1638386492606156,0.6691643348115923
"(('gender', 'female'), ('politics', 'left'))",2,0.16053191116718457,0.6868852226239208
"(('age', '25-50'), ('politics', 'right'))",6,0.15968063640493882,0.6953739196634534
"(('education', 'high'), ('gender', 'male'))",2,0.158462165136664,0.6117268958999608
"(('age', '>50'), ('education', 'high'))",3,0.15584019533320007,0.6423442605555238
"(('age', '>50'), ('gender', 'male'))",1,0.15535301880567473,0.6003679841595005
"(('age', '25-50'), ('gender', 'female'), ('politics', 'center'))",1,0.14685314685314688,0.47374918338673966
"(('gender', 'female'), ('politics', 'center'))",2,0.1436660137168192,0.6465425150307222
"(('age', '<25'), ('education', 'high'), ('orientation', 'lgbtq+'))",1,0.14169867690994453,
"(('age', '<25'), ('education', 'high'), ('orientation', 'heterosexual'))",1,0.14169867690994453,
"(('education', 'high'), ('gender', 'non-binary'))",2,0.14076892381354011,0.6679443348079545
"(('gender', 'female'), ('orientation', 'lgbtq+'))",4,0.14011032791121358,0.6719304313000913
"(('gender', 'male'), ('politics', 'center'))",2,0.1378000384864198,0.45914885394104527
"(('education', 'low'), ('politics', 'left'))",2,0.13646264893729612,0.5011117122466913
"(('orientation', 'heterosexual'), ('politics', 'center'))",1,0.13499668983780205,0.9506114536234842
"(('age', '<25'), ('gender', 'non-binary'))",2,0.13406345699290484,0.6994776076082181
"(('age', '<25'), ('politics', 'center'))",2,0.13369119726935325,0.6329241550862006
"(('education', 'medium'), ('politics', 'center'))",2,0.12476511314782962,0.6489563107440497
"(('age', '>50'), ('orientation', 'lgbtq+'))",3,0.1159713121599274,0.6398886213554171
"(('age', '<25'), ('education', 'low'))",1,0.10133725923199607,0.5958102281841086
"(('education', 'medium'), ('orientation', 'lgbtq+'))",1,0.09498412698412698,0.36743334492424023
"(('education', 'high'), ('orientation', 'lgbtq+'))",2,0.09369947926469666,0.46494024332215256
"(('age', '25-50'), ('education', 'low'), ('orientation', 'heterosexual'))",1,0.09066405292820384,
"(('age', '25-50'), ('education', 'low'), ('gender', 'male'))",1,0.08044093549828692,
"(('education', 'low'), ('gender', 'male'), ('politics', 'right'))",2,0.0803906067112119,0.5715259756457173
"(('age', '25-50'), ('education', 'low'), ('gender', 'non-binary'))",2,0.0703635804503957,
"(('education', 'low'), ('gender', 'male'), ('politics', 'center'))",1,0.05165840640487995,
